date,day_of_week,day_of_month,month,quarter,is_weekend,season,is_holiday,is_special_event,meal_type,menu_type,service_type,temperature_c,precipitation_mm,planned_attendance,prev_production_portions,prev_waste_kg,actual_demand
2024-06-01,5,1,6,2,1,Summer,0,0,LUNCH_DINNER_COMBO,COMFORT_FOOD,HOT_BUFFET,20.8,0.1,1133,1600,35.0,1143
2024-06-02,6,2,6,2,1,Summer,0,0,LUNCH_DINNER_COMBO,HEALTH_BALANCED,HOT_BUFFET,22.6,0.7,1020,1230,30.4,920
2024-06-03,0,3,6,2,0,Summer,0,0,LUNCH_DINNER_COMBO,INTERNATIONAL_SPECIALTY,HOT_BUFFET,23.2,0.0,1800,959,14.9,1855
2024-06-04,1,4,6,2,0,Summer,0,0,LUNCH_DINNER_COMBO,STANDARD_BUFFET,HOT_BUFFET,22.8,0.0,2045,1921,20.6,2022
2024-06-05,2,5,6,2,0,Summer,0,0,LUNCH_DINNER_COMBO,COMFORT_FOOD,HOT_BUFFET,21.1,0.0,2200,2078,20.3,2231
2024-06-06,3,6,6,2,0,Summer,0,0,LUNCH_DINNER_COMBO,HEALTH_BALANCED,HOT_BUFFET,20.0,0.0,2048,2331,28.9,2056
2024-06-07,4,7,6,2,0,Summer,0,1,BANQUET,INTERNATIONAL_SPECIALTY,BANQUET_SERVICE,21.1,3.5,2281,2248,63.6,2229
2024-06-08,5,8,6,2,1,Summer,0,0,LUNCH_DINNER_COMBO,STANDARD_BUFFET,HOT_BUFFET,26.7,0.0,1070,2370,42.9,1038
2024-06-09,6,9,6,2,1,Summer,0,0,LUNCH_DINNER_COMBO,COMFORT_FOOD,HOT_BUFFET,23.0,0.0,1115,1130,28.7,1159
2024-06-10,0,10,6,2,0,Summer,0,0,LUNCH_DINNER_COMBO,HEALTH_BALANCED,HOT_BUFFET,21.0,0.0,1753,1241,24.0,1766
2024-06-11,1,11,6,2,0,Summer,0,0,LUNCH_DINNER_COMBO,INTERNATIONAL_SPECIALTY,HOT_BUFFET,15.5,0.2,2152,1910,49.9,2155
2024-06-12,2,12,6,2,0,Summer,0,0,LUNCH_DINNER_COMBO,STANDARD_BUFFET,HOT_BUFFET,23.9,0.0,2054,2252,30.3,2024
2024-06-13,3,13,6,2,0,Summer,0,0,LUNCH_DINNER_COMBO,COMFORT_FOOD,HOT_BUFFET,26.4,0.0,2246,2076,18.5,2225
2024-06-14,4,14,6,2,0,Summer,0,0,LUNCH_DINNER_COMBO,HEALTH_BALANCED,HOT_BUFFET,22.2,1.1,1744,2428,66.2,1755
2024-06-15,5,15,6,2,1,Summer,0,0,LUNCH_DINNER_COMBO,INTERNATIONAL_SPECIALTY,HOT_BUFFET,19.7,0.8,1065,1791,12.2,1058
2024-06-16,6,16,6,2,1,Summer,0,0,LUNCH_DINNER_COMBO,STANDARD_BUFFET,HOT_BUFFET,25.6,0.0,1036,1123,21.8,1035
2024-06-17,0,17,6,2,0,Summer,0,0,LUNCH_DINNER_COMBO,COMFORT_FOOD,HOT_BUFFET,25.0,0.0,1880,1080,10.2,1872
2024-06-18,1,18,6,2,0,Summer,0,0,LUNCH_DINNER_COMBO,HEALTH_BALANCED,HOT_BUFFET,28.7,2.6,2068,1931,19.6,2121
2024-06-19,2,19,6,2,0,Summer,0,0,LUNCH_DINNER_COMBO,INTERNATIONAL_SPECIALTY,HOT_BUFFET,21.2,1.8,2104,2270,44.2,2045
2024-06-20,3,20,6,2,0,Summer,0,0,LUNCH_DINNER_COMBO,STANDARD_BUFFET,HOT_BUFFET,21.4,0.0,2096,2191,46.9,2081
2024-06-21,4,21,6,2,0,Summer,0,0,LUNCH_DINNER_COMBO,COMFORT_FOOD,HOT_BUFFET,23.4,0.0,1915,2141,17.0,1923
2024-06-22,5,22,6,2,1,Summer,0,0,LUNCH_DINNER_COMBO,HEALTH_BALANCED,HOT_BUFFET,25.6,0.0,1066,2042,41.3,1115
2024-06-23,6,23,6,2,1,Summer,0,0,LUNCH_DINNER_COMBO,INTERNATIONAL_SPECIALTY,HOT_BUFFET,26.8,0.4,1122,1217,30.5,1130
2024-06-24,0,24,6,2,0,Summer,0,0,LUNCH_DINNER_COMBO,STANDARD_BUFFET,HOT_BUFFET,25.3,0.0,1713,1153,9.5,1667
2024-06-25,1,25,6,2,0,Summer,0,0,LUNCH_DINNER_COMBO,COMFORT_FOOD,HOT_BUFFET,28.7,0.0,2177,1795,42.6,2193
2024-06-26,2,26,6,2,0,Summer,0,0,LUNCH_DINNER_COMBO,HEALTH_BALANCED,HOT_BUFFET,19.9,7.2,2014,2336,48.1,2148
2024-06-27,3,27,6,2,0,Summer,0,0,LUNCH_DINNER_COMBO,INTERNATIONAL_SPECIALTY,HOT_BUFFET,34.2,0.0,2127,2299,47.7,2150
2024-06-28,4,28,6,2,0,Summer,0,1,BANQUET,INTERNATIONAL_SPECIALTY,BANQUET_SERVICE,20.9,0.0,2353,2241,27.0,2348
2024-06-29,5,29,6,2,1,Summer,0,0,LUNCH_DINNER_COMBO,COMFORT_FOOD,HOT_BUFFET,23.1,0.0,1149,2576,74.8,1132
2024-06-30,6,30,6,2,1,Summer,0,0,LUNCH_DINNER_COMBO,HEALTH_BALANCED,HOT_BUFFET,25.3,0.0,1052,1169,14.0,1060
2024-07-01,0,1,7,3,0,Summer,0,0,LUNCH_DINNER_COMBO,INTERNATIONAL_SPECIALTY,HOT_BUFFET,29.7,0.0,1801,1165,31.6,1842
2024-07-02,1,2,7,3,0,Summer,0,0,LUNCH_DINNER_COMBO,STANDARD_BUFFET,HOT_BUFFET,27.8,0.0,2030,1931,31.1,2030
2024-07-03,2,3,7,3,0,Summer,0,0,LUNCH_DINNER_COMBO,COMFORT_FOOD,HOT_BUFFET,30.7,0.0,2208,2152,41.2,2196
2024-07-04,3,4,7,3,0,Summer,1,0,LUNCH_DINNER_COMBO,HEALTH_BALANCED,HOT_BUFFET,24.3,0.0,706,2305,36.8,638
2024-07-05,4,5,7,3,0,Summer,0,1,BANQUET,INTERNATIONAL_SPECIALTY,BANQUET_SERVICE,22.9,0.0,2292,680,14.3,2264
2024-07-06,5,6,7,3,1,Summer,0,0,LUNCH_DINNER_COMBO,STANDARD_BUFFET,HOT_BUFFET,26.2,0.0,1001,2422,52.3,1052
2024-07-07,6,7,7,3,1,Summer,0,0,LUNCH_DINNER_COMBO,COMFORT_FOOD,HOT_BUFFET,29.7,1.2,1084,1155,35.0,1054
2024-07-08,0,8,7,3,0,Summer,0,0,LUNCH_DINNER_COMBO,HEALTH_BALANCED,HOT_BUFFET,27.1,0.0,1673,1089,15.4,1625
2024-07-09,1,9,7,3,0,Summer,0,0,LUNCH_DINNER_COMBO,INTERNATIONAL_SPECIALTY,HOT_BUFFET,33.4,0.0,2130,1781,52.2,2102
2024-07-10,2,10,7,3,0,Summer,0,1,BANQUET,INTERNATIONAL_SPECIALTY,BANQUET_SERVICE,25.2,1.4,2745,2271,50.9,2695
2024-07-11,3,11,7,3,0,Summer,0,0,LUNCH_DINNER_COMBO,COMFORT_FOOD,HOT_BUFFET,31.4,0.9,2220,2842,46.8,2222
2024-07-12,4,12,7,3,0,Summer,0,0,LUNCH_DINNER_COMBO,HEALTH_BALANCED,HOT_BUFFET,25.3,0.0,1732,2418,68.6,1736
2024-07-13,5,13,7,3,1,Summer,0,0,LUNCH_DINNER_COMBO,INTERNATIONAL_SPECIALTY,HOT_BUFFET,33.5,0.0,996,1824,29.8,1012
2024-07-14,6,14,7,3,1,Summer,0,0,LUNCH_DINNER_COMBO,STANDARD_BUFFET,HOT_BUFFET,24.3,0.0,1031,1105,29.5,1008
2024-07-15,0,15,7,3,0,Summer,0,0,LUNCH_DINNER_COMBO,COMFORT_FOOD,HOT_BUFFET,29.1,0.0,1879,1037,11.4,1855
2024-07-16,1,16,7,3,0,Summer,0,0,LUNCH_DINNER_COMBO,HEALTH_BALANCED,HOT_BUFFET,19.7,0.0,1970,1918,22.4,1990
2024-07-17,2,17,7,3,0,Summer,0,0,LUNCH_DINNER_COMBO,INTERNATIONAL_SPECIALTY,HOT_BUFFET,28.9,4.7,2122,2166,55.8,2171
2024-07-18,3,18,7,3,0,Summer,0,0,LUNCH_DINNER_COMBO,STANDARD_BUFFET,HOT_BUFFET,27.1,0.0,2008,2270,31.7,2080
2024-07-19,4,19,7,3,0,Summer,0,0,LUNCH_DINNER_COMBO,COMFORT_FOOD,HOT_BUFFET,30.2,0.0,1827,2196,39.8,1850
2024-07-20,5,20,7,3,1,Summer,0,0,LUNCH_DINNER_COMBO,HEALTH_BALANCED,HOT_BUFFET,26.3,0.0,1000,1900,17.6,988
2024-07-21,6,21,7,3,1,Summer,0,0,LUNCH_DINNER_COMBO,INTERNATIONAL_SPECIALTY,HOT_BUFFET,28.1,0.2,1112,1017,11.3,1095
2024-07-22,0,22,7,3,0,Summer,0,0,LUNCH_DINNER_COMBO,STANDARD_BUFFET,HOT_BUFFET,30.0,0.0,1713,1188,30.3,1685
2024-07-23,1,23,7,3,0,Summer,0,0,LUNCH_DINNER_COMBO,COMFORT_FOOD,HOT_BUFFET,29.0,1.4,2168,1823,43.6,2167
2024-07-24,2,24,7,3,0,Summer,0,0,LUNCH_DINNER_COMBO,HEALTH_BALANCED,HOT_BUFFET,27.1,0.0,1984,2220,16.2,2002
2024-07-25,3,25,7,3,0,Summer,0,0,LUNCH_DINNER_COMBO,INTERNATIONAL_SPECIALTY,HOT_BUFFET,24.8,0.0,2110,2102,32.2,2118
2024-07-26,4,26,7,3,0,Summer,0,0,LUNCH_DINNER_COMBO,STANDARD_BUFFET,HOT_BUFFET,26.1,0.0,1747,2172,17.3,1730
2024-07-27,5,27,7,3,1,Summer,0,0,LUNCH_DINNER_COMBO,COMFORT_FOOD,HOT_BUFFET,25.6,0.0,1140,1851,43.4,1108
2024-07-28,6,28,7,3,1,Summer,0,0,LUNCH_DINNER_COMBO,HEALTH_BALANCED,HOT_BUFFET,23.3,0.0,1029,1171,18.7,956
2024-07-29,0,29,7,3,0,Summer,0,0,LUNCH_DINNER_COMBO,INTERNATIONAL_SPECIALTY,HOT_BUFFET,28.6,0.0,1851,1037,26.8,1895
2024-07-30,1,30,7,3,0,Summer,0,0,LUNCH_DINNER_COMBO,STANDARD_BUFFET,HOT_BUFFET,20.0,0.0,2060,2082,58.7,2070
2024-07-31,2,31,7,3,0,Summer,0,0,LUNCH_DINNER_COMBO,COMFORT_FOOD,HOT_BUFFET,25.6,0.0,2172,2189,38.8,2172
2024-08-01,3,1,8,3,0,Summer,0,0,LUNCH_DINNER_COMBO,HEALTH_BALANCED,HOT_BUFFET,23.1,0.0,1954,2349,56.8,1901
2024-08-02,4,2,8,3,0,Summer,0,0,LUNCH_DINNER_COMBO,INTERNATIONAL_SPECIALTY,HOT_BUFFET,21.8,0.0,1717,2041,46.1,1775
2024-08-03,5,3,8,3,1,Summer,0,0,LUNCH_DINNER_COMBO,STANDARD_BUFFET,HOT_BUFFET,31.9,0.0,1044,1884,35.2,1005
2024-08-04,6,4,8,3,1,Summer,0,0,LUNCH_DINNER_COMBO,COMFORT_FOOD,HOT_BUFFET,29.9,0.3,1092,1027,6.4,1026
2024-08-05,0,5,8,3,0,Summer,0,0,LUNCH_DINNER_COMBO,HEALTH_BALANCED,HOT_BUFFET,25.4,0.0,1586,1082,21.5,1647
2024-08-06,1,6,8,3,0,Summer,0,0,LUNCH_DINNER_COMBO,INTERNATIONAL_SPECIALTY,HOT_BUFFET,18.7,0.0,2008,1793,43.3,2007
2024-08-07,2,7,8,3,0,Summer,0,0,LUNCH_DINNER_COMBO,STANDARD_BUFFET,HOT_BUFFET,24.2,0.3,1930,2099,30.4,1888
2024-08-08,3,8,8,3,0,Summer,0,0,LUNCH_DINNER_COMBO,COMFORT_FOOD,HOT_BUFFET,31.9,0.4,2076,1977,29.7,2045
2024-08-09,4,9,8,3,0,Summer,0,0,LUNCH_DINNER_COMBO,HEALTH_BALANCED,HOT_BUFFET,19.6,0.0,1655,2100,16.2,1729
2024-08-10,5,10,8,3,1,Summer,0,0,LUNCH_DINNER_COMBO,INTERNATIONAL_SPECIALTY,HOT_BUFFET,22.2,0.0,1030,1769,12.9,1062
2024-08-11,6,11,8,3,1,Summer,0,0,LUNCH_DINNER_COMBO,STANDARD_BUFFET,HOT_BUFFET,22.7,0.0,940,1146,25.3,882
2024-08-12,0,12,8,3,0,Summer,0,0,LUNCH_DINNER_COMBO,COMFORT_FOOD,HOT_BUFFET,26.7,0.0,1805,932,19.4,1768
2024-08-13,1,13,8,3,0,Summer,0,0,LUNCH_DINNER_COMBO,HEALTH_BALANCED,HOT_BUFFET,21.8,0.0,1901,1866,31.6,1876
2024-08-14,2,14,8,3,0,Summer,0,0,LUNCH_DINNER_COMBO,INTERNATIONAL_SPECIALTY,HOT_BUFFET,30.6,0.0,2040,1931,14.9,2006
2024-08-15,3,15,8,3,0,Summer,0,0,LUNCH_DINNER_COMBO,STANDARD_BUFFET,HOT_BUFFET,23.1,0.7,1988,2132,40.3,2041
2024-08-16,4,16,8,3,0,Summer,0,0,LUNCH_DINNER_COMBO,COMFORT_FOOD,HOT_BUFFET,24.8,0.2,1799,2175,39.6,1781
2024-08-17,5,17,8,3,1,Summer,0,0,LUNCH_DINNER_COMBO,HEALTH_BALANCED,HOT_BUFFET,21.8,0.0,963,1839,17.0,964
2024-08-18,6,18,8,3,1,Summer,0,0,LUNCH_DINNER_COMBO,INTERNATIONAL_SPECIALTY,HOT_BUFFET,23.8,0.0,991,1014,13.9,1000
2024-08-19,0,19,8,3,0,Summer,0,0,LUNCH_DINNER_COMBO,STANDARD_BUFFET,HOT_BUFFET,26.5,0.0,1669,1040,13.5,1605
2024-08-20,1,20,8,3,0,Summer,0,0,LUNCH_DINNER_COMBO,COMFORT_FOOD,HOT_BUFFET,22.0,0.0,2024,1735,43.0,2006
2024-08-21,2,21,8,3,0,Summer,0,0,LUNCH_DINNER_COMBO,HEALTH_BALANCED,HOT_BUFFET,20.7,0.0,1942,2144,43.4,1917
2024-08-22,3,22,8,3,0,Summer,0,0,LUNCH_DINNER_COMBO,INTERNATIONAL_SPECIALTY,HOT_BUFFET,28.2,2.3,1989,2006,28.6,2009
2024-08-23,4,23,8,3,0,Summer,0,0,LUNCH_DINNER_COMBO,STANDARD_BUFFET,HOT_BUFFET,26.7,0.0,1654,2124,40.4,1660
2024-08-24,5,24,8,3,1,Summer,0,0,LUNCH_DINNER_COMBO,COMFORT_FOOD,HOT_BUFFET,26.4,0.0,1117,1717,18.5,1129
2024-08-25,6,25,8,3,1,Summer,0,0,LUNCH_DINNER_COMBO,HEALTH_BALANCED,HOT_BUFFET,26.0,0.0,968,1169,11.8,884
2024-08-26,0,26,8,3,0,Summer,0,0,LUNCH_DINNER_COMBO,INTERNATIONAL_SPECIALTY,HOT_BUFFET,23.8,0.0,1773,963,26.2,1701
2024-08-27,1,27,8,3,0,Summer,0,0,LUNCH_DINNER_COMBO,STANDARD_BUFFET,HOT_BUFFET,25.8,0.0,1925,1836,42.3,1958
2024-08-28,2,28,8,3,0,Summer,0,0,LUNCH_DINNER_COMBO,COMFORT_FOOD,HOT_BUFFET,25.2,0.0,2107,2094,43.8,2119
2024-08-29,3,29,8,3,0,Summer,0,0,LUNCH_DINNER_COMBO,HEALTH_BALANCED,HOT_BUFFET,25.3,0.7,1941,2266,46.0,1972
2024-08-30,4,30,8,3,0,Summer,0,0,LUNCH_DINNER_COMBO,INTERNATIONAL_SPECIALTY,HOT_BUFFET,26.3,0.0,1739,2016,11.9,1787
2024-08-31,5,31,8,3,1,Summer,0,0,LUNCH_DINNER_COMBO,STANDARD_BUFFET,HOT_BUFFET,28.0,0.0,1017,1844,17.1,1032
2024-09-01,6,1,9,3,1,Fall,0,0,LUNCH_DINNER_COMBO,COMFORT_FOOD,HOT_BUFFET,14.8,0.0,1054,1073,17.8,1060
2024-09-02,0,2,9,3,0,Fall,0,1,BANQUET,INTERNATIONAL_SPECIALTY,BANQUET_SERVICE,27.2,0.0,2107,1133,30.0,2076
2024-09-03,1,3,9,3,0,Fall,0,0,LUNCH_DINNER_COMBO,INTERNATIONAL_SPECIALTY,HOT_BUFFET,26.6,0.0,1878,2213,45.0,1874
2024-09-04,2,4,9,3,0,Fall,0,0,LUNCH_DINNER_COMBO,STANDARD_BUFFET,HOT_BUFFET,29.9,0.0,1841,1928,19.2,1834
2024-09-05,3,5,9,3,0,Fall,0,1,BANQUET,INTERNATIONAL_SPECIALTY,BANQUET_SERVICE,17.5,0.0,2370,1988,48.2,2361
2024-09-06,4,6,9,3,0,Fall,0,0,LUNCH_DINNER_COMBO,HEALTH_BALANCED,HOT_BUFFET,15.7,0.0,1558,2473,37.4,1548
2024-09-07,5,7,9,3,1,Fall,0,0,LUNCH_DINNER_COMBO,INTERNATIONAL_SPECIALTY,HOT_BUFFET,20.2,0.0,989,1640,28.8,950
2024-09-08,6,8,9,3,1,Fall,0,0,LUNCH_DINNER_COMBO,STANDARD_BUFFET,HOT_BUFFET,18.2,0.0,921,1042,30.7,1018
2024-09-09,0,9,9,3,0,Fall,0,0,LUNCH_DINNER_COMBO,COMFORT_FOOD,HOT_BUFFET,21.7,0.4,1687,1043,8.1,1685
2024-09-10,1,10,9,3,0,Fall,0,1,BANQUET,INTERNATIONAL_SPECIALTY,BANQUET_SERVICE,20.1,0.0,2480,1794,33.5,2401
2024-09-11,2,11,9,3,0,Fall,0,0,LUNCH_DINNER_COMBO,INTERNATIONAL_SPECIALTY,HOT_BUFFET,22.0,0.0,1887,2556,46.5,1833
2024-09-12,3,12,9,3,0,Fall,0,0,LUNCH_DINNER_COMBO,STANDARD_BUFFET,HOT_BUFFET,24.3,0.5,1867,1964,40.0,1894
2024-09-13,4,13,9,3,0,Fall,0,0,LUNCH_DINNER_COMBO,COMFORT_FOOD,HOT_BUFFET,19.2,0.0,1710,1934,10.0,1696
2024-09-14,5,14,9,3,1,Fall,0,0,LUNCH_DINNER_COMBO,HEALTH_BALANCED,HOT_BUFFET,21.8,0.0,935,1762,20.5,893
2024-09-15,6,15,9,3,1,Fall,0,0,LUNCH_DINNER_COMBO,INTERNATIONAL_SPECIALTY,HOT_BUFFET,22.1,0.0,921,931,13.7,873
2024-09-16,0,16,9,3,0,Fall,0,0,LUNCH_DINNER_COMBO,STANDARD_BUFFET,HOT_BUFFET,23.6,0.0,1518,916,11.7,1438
2024-09-17,1,17,9,3,0,Fall,0,0,LUNCH_DINNER_COMBO,COMFORT_FOOD,HOT_BUFFET,19.1,0.0,1982,1500,24.1,2018
2024-09-18,2,18,9,3,0,Fall,0,0,LUNCH_DINNER_COMBO,HEALTH_BALANCED,HOT_BUFFET,28.5,0.3,1846,2187,54.0,1797
2024-09-19,3,19,9,3,0,Fall,0,1,BANQUET,INTERNATIONAL_SPECIALTY,BANQUET_SERVICE,15.3,0.0,2447,1872,24.3,2486
2024-09-20,4,20,9,3,0,Fall,0,1,BANQUET,INTERNATIONAL_SPECIALTY,BANQUET_SERVICE,21.9,0.0,2121,2576,30.0,2082
2024-09-21,5,21,9,3,1,Fall,0,0,LUNCH_DINNER_COMBO,COMFORT_FOOD,HOT_BUFFET,22.3,0.4,919,2275,63.0,905
2024-09-22,6,22,9,3,1,Fall,0,0,LUNCH_DINNER_COMBO,HEALTH_BALANCED,HOT_BUFFET,15.7,0.0,899,966,20.0,861
2024-09-23,0,23,9,3,0,Fall,0,0,LUNCH_DINNER_COMBO,INTERNATIONAL_SPECIALTY,HOT_BUFFET,22.7,0.0,1636,917,20.6,1659
2024-09-24,1,24,9,3,0,Fall,0,0,LUNCH_DINNER_COMBO,STANDARD_BUFFET,HOT_BUFFET,15.1,0.0,1857,1699,9.0,1855
2024-09-25,2,25,9,3,0,Fall,0,0,LUNCH_DINNER_COMBO,COMFORT_FOOD,HOT_BUFFET,23.5,0.0,1949,1994,48.9,1907
2024-09-26,3,26,9,3,0,Fall,0,0,LUNCH_DINNER_COMBO,HEALTH_BALANCED,HOT_BUFFET,16.4,0.0,1815,2035,43.3,1829
2024-09-27,4,27,9,3,0,Fall,0,0,LUNCH_DINNER_COMBO,INTERNATIONAL_SPECIALTY,HOT_BUFFET,23.9,1.3,1646,1983,50.8,1662
2024-09-28,5,28,9,3,1,Fall,0,0,LUNCH_DINNER_COMBO,STANDARD_BUFFET,HOT_BUFFET,17.2,0.0,963,1719,18.8,1005
2024-09-29,6,29,9,3,1,Fall,0,0,LUNCH_DINNER_COMBO,COMFORT_FOOD,HOT_BUFFET,16.1,0.2,1019,1093,28.0,979
2024-09-30,0,30,9,3,0,Fall,0,1,BANQUET,INTERNATIONAL_SPECIALTY,BANQUET_SERVICE,22.4,0.0,2019,1055,27.5,2058
2024-10-01,1,1,10,4,0,Fall,0,0,LUNCH_DINNER_COMBO,INTERNATIONAL_SPECIALTY,HOT_BUFFET,16.3,0.0,1820,2245,56.1,1866
2024-10-02,2,2,10,4,0,Fall,0,0,LUNCH_DINNER_COMBO,STANDARD_BUFFET,HOT_BUFFET,19.2,0.0,1724,1963,29.3,1707
2024-10-03,3,3,10,4,0,Fall,0,0,LUNCH_DINNER_COMBO,COMFORT_FOOD,HOT_BUFFET,14.5,0.0,1841,1798,32.8,1802
2024-10-04,4,4,10,4,0,Fall,0,1,BANQUET,INTERNATIONAL_SPECIALTY,BANQUET_SERVICE,9.2,0.0,1919,1871,19.5,1956
2024-10-05,5,5,10,4,1,Fall,0,0,LUNCH_DINNER_COMBO,INTERNATIONAL_SPECIALTY,HOT_BUFFET,12.1,0.0,920,2142,59.0,964
2024-10-06,6,6,10,4,1,Fall,0,0,LUNCH_DINNER_COMBO,STANDARD_BUFFET,HOT_BUFFET,14.2,3.0,851,1022,22.6,832
2024-10-07,0,7,10,4,0,Fall,0,0,LUNCH_DINNER_COMBO,COMFORT_FOOD,HOT_BUFFET,14.7,0.0,1549,913,25.5,1517
2024-10-08,1,8,10,4,0,Fall,0,0,LUNCH_DINNER_COMBO,HEALTH_BALANCED,HOT_BUFFET,16.7,0.0,1660,1646,42.5,1628
2024-10-09,2,9,10,4,0,Fall,0,0,LUNCH_DINNER_COMBO,INTERNATIONAL_SPECIALTY,HOT_BUFFET,17.9,0.0,1820,1774,47.1,1813
2024-10-10,3,10,10,4,0,Fall,0,0,LUNCH_DINNER_COMBO,STANDARD_BUFFET,HOT_BUFFET,15.9,0.5,1776,1903,26.8,1756
2024-10-11,4,11,10,4,0,Fall,0,0,LUNCH_DINNER_COMBO,COMFORT_FOOD,HOT_BUFFET,24.8,0.0,1572,1910,49.8,1622
2024-10-12,5,12,10,4,1,Fall,0,0,LUNCH_DINNER_COMBO,HEALTH_BALANCED,HOT_BUFFET,16.8,0.0,882,1727,30.8,913
2024-10-13,6,13,10,4,1,Fall,0,0,LUNCH_DINNER_COMBO,INTERNATIONAL_SPECIALTY,HOT_BUFFET,20.8,4.3,929,982,23.3,922
2024-10-14,0,14,10,4,0,Fall,0,0,LUNCH_DINNER_COMBO,STANDARD_BUFFET,HOT_BUFFET,17.3,0.0,1459,965,14.1,1450
2024-10-15,1,15,10,4,0,Fall,0,0,LUNCH_DINNER_COMBO,COMFORT_FOOD,HOT_BUFFET,16.1,2.0,1854,1512,19.8,1910
2024-10-16,2,16,10,4,0,Fall,0,0,LUNCH_DINNER_COMBO,HEALTH_BALANCED,HOT_BUFFET,17.9,0.0,1715,1964,17.8,1738
2024-10-17,3,17,10,4,0,Fall,0,0,LUNCH_DINNER_COMBO,INTERNATIONAL_SPECIALTY,HOT_BUFFET,14.4,0.0,1789,1787,16.1,1775
2024-10-18,4,18,10,4,0,Fall,0,0,LUNCH_DINNER_COMBO,STANDARD_BUFFET,HOT_BUFFET,14.3,0.0,1477,1893,38.2,1455
2024-10-19,5,19,10,4,1,Fall,0,0,LUNCH_DINNER_COMBO,COMFORT_FOOD,HOT_BUFFET,21.5,0.0,939,1572,38.4,874
2024-10-20,6,20,10,4,1,Fall,0,0,LUNCH_DINNER_COMBO,HEALTH_BALANCED,HOT_BUFFET,11.7,0.0,865,961,26.8,826
2024-10-21,0,21,10,4,0,Fall,0,0,LUNCH_DINNER_COMBO,INTERNATIONAL_SPECIALTY,HOT_BUFFET,11.5,0.0,1562,847,8.5,1553
2024-10-22,1,22,10,4,0,Fall,0,0,LUNCH_DINNER_COMBO,STANDARD_BUFFET,HOT_BUFFET,11.7,8.3,1772,1701,44.5,1894
2024-10-23,2,23,10,4,0,Fall,0,0,LUNCH_DINNER_COMBO,COMFORT_FOOD,HOT_BUFFET,16.3,0.0,1842,1966,22.5,1838
2024-10-24,3,24,10,4,0,Fall,0,0,LUNCH_DINNER_COMBO,HEALTH_BALANCED,HOT_BUFFET,17.2,0.0,1729,2017,60.1,1746
2024-10-25,4,25,10,4,0,Fall,0,0,LUNCH_DINNER_COMBO,INTERNATIONAL_SPECIALTY,HOT_BUFFET,20.4,0.0,1549,1868,40.6,1523
2024-10-26,5,26,10,4,1,Fall,0,0,LUNCH_DINNER_COMBO,STANDARD_BUFFET,HOT_BUFFET,16.4,3.2,848,1577,21.8,831
2024-10-27,6,27,10,4,1,Fall,0,0,LUNCH_DINNER_COMBO,COMFORT_FOOD,HOT_BUFFET,14.4,0.0,857,848,5.0,895
2024-10-28,0,28,10,4,0,Fall,0,0,LUNCH_DINNER_COMBO,HEALTH_BALANCED,HOT_BUFFET,15.9,0.6,1453,974,22.5,1544
2024-10-29,1,29,10,4,0,Fall,0,0,LUNCH_DINNER_COMBO,INTERNATIONAL_SPECIALTY,HOT_BUFFET,12.9,0.0,1784,1661,37.4,1745
2024-10-30,2,30,10,4,0,Fall,0,0,LUNCH_DINNER_COMBO,STANDARD_BUFFET,HOT_BUFFET,14.0,0.2,1734,1859,35.8,1787
2024-10-31,3,31,10,4,0,Fall,0,0,LUNCH_DINNER_COMBO,COMFORT_FOOD,HOT_BUFFET,16.2,0.0,1828,1827,15.1,1842
2024-11-01,4,1,11,4,0,Fall,0,0,LUNCH_DINNER_COMBO,HEALTH_BALANCED,HOT_BUFFET,11.4,0.0,1438,1996,51.0,1516
2024-11-02,5,2,11,4,1,Fall,0,0,LUNCH_DINNER_COMBO,INTERNATIONAL_SPECIALTY,HOT_BUFFET,8.7,0.0,847,1610,28.4,807
2024-11-03,6,3,11,4,1,Fall,0,0,LUNCH_DINNER_COMBO,STANDARD_BUFFET,HOT_BUFFET,21.4,0.0,827,874,20.1,828
2024-11-04,0,4,11,4,0,Fall,0,0,LUNCH_DINNER_COMBO,COMFORT_FOOD,HOT_BUFFET,10.1,0.0,1458,857,9.6,1493
2024-11-05,1,5,11,4,0,Fall,0,0,LUNCH_DINNER_COMBO,HEALTH_BALANCED,HOT_BUFFET,5.5,0.0,1704,1573,27.8,1744
2024-11-06,2,6,11,4,0,Fall,0,0,LUNCH_DINNER_COMBO,INTERNATIONAL_SPECIALTY,HOT_BUFFET,13.3,0.0,1643,1904,51.1,1663
2024-11-07,3,7,11,4,0,Fall,0,0,LUNCH_DINNER_COMBO,STANDARD_BUFFET,HOT_BUFFET,12.4,0.0,1610,1780,34.3,1589
2024-11-08,4,8,11,4,0,Fall,0,0,LUNCH_DINNER_COMBO,COMFORT_FOOD,HOT_BUFFET,10.9,4.1,1558,1744,47.9,1587
2024-11-09,5,9,11,4,1,Fall,0,0,LUNCH_DINNER_COMBO,HEALTH_BALANCED,HOT_BUFFET,9.7,0.0,791,1664,17.5,821
2024-11-10,6,10,11,4,1,Fall,0,0,LUNCH_DINNER_COMBO,INTERNATIONAL_SPECIALTY,HOT_BUFFET,5.6,0.4,854,858,8.7,774
2024-11-11,0,11,11,4,0,Fall,0,0,LUNCH_DINNER_COMBO,STANDARD_BUFFET,HOT_BUFFET,13.3,0.0,1356,840,21.8,1342
2024-11-12,1,12,11,4,0,Fall,0,0,LUNCH_DINNER_COMBO,COMFORT_FOOD,HOT_BUFFET,9.9,0.0,1837,1372,8.7,1850
2024-11-13,2,13,11,4,0,Fall,0,0,LUNCH_DINNER_COMBO,HEALTH_BALANCED,HOT_BUFFET,9.9,1.5,1614,2015,56.0,1609
2024-11-14,3,14,11,4,0,Fall,0,0,LUNCH_DINNER_COMBO,INTERNATIONAL_SPECIALTY,HOT_BUFFET,8.9,8.6,1699,1761,46.1,1789
2024-11-15,4,15,11,4,0,Fall,0,0,LUNCH_DINNER_COMBO,STANDARD_BUFFET,HOT_BUFFET,3.6,0.0,1507,1948,52.0,1624
2024-11-16,5,16,11,4,1,Fall,0,0,LUNCH_DINNER_COMBO,COMFORT_FOOD,HOT_BUFFET,8.8,0.0,964,1682,16.0,984
2024-11-17,6,17,11,4,1,Fall,0,0,LUNCH_DINNER_COMBO,HEALTH_BALANCED,HOT_BUFFET,10.9,0.0,901,1069,24.9,908
2024-11-18,0,18,11,4,0,Fall,0,0,LUNCH_DINNER_COMBO,INTERNATIONAL_SPECIALTY,HOT_BUFFET,14.9,2.2,1502,928,9.0,1564
2024-11-19,1,19,11,4,0,Fall,0,0,LUNCH_DINNER_COMBO,STANDARD_BUFFET,HOT_BUFFET,10.8,0.0,1645,1608,11.2,1657
2024-11-20,2,20,11,4,0,Fall,0,0,LUNCH_DINNER_COMBO,COMFORT_FOOD,HOT_BUFFET,5.1,0.0,1732,1788,45.5,1754
2024-11-21,3,21,11,4,0,Fall,0,0,LUNCH_DINNER_COMBO,HEALTH_BALANCED,HOT_BUFFET,10.5,0.0,1638,1901,48.8,1589
2024-11-22,4,22,11,4,0,Fall,0,0,LUNCH_DINNER_COMBO,INTERNATIONAL_SPECIALTY,HOT_BUFFET,5.6,0.0,1450,1709,34.3,1512
2024-11-23,5,23,11,4,1,Fall,0,0,LUNCH_DINNER_COMBO,STANDARD_BUFFET,HOT_BUFFET,14.4,0.0,819,1617,36.1,801
2024-11-24,6,24,11,4,1,Fall,0,0,LUNCH_DINNER_COMBO,COMFORT_FOOD,HOT_BUFFET,16.1,0.0,834,838,11.8,886
2024-11-25,0,25,11,4,0,Fall,0,0,LUNCH_DINNER_COMBO,HEALTH_BALANCED,HOT_BUFFET,13.7,5.2,1414,961,25.4,1456
2024-11-26,1,26,11,4,0,Fall,0,0,LUNCH_DINNER_COMBO,INTERNATIONAL_SPECIALTY,HOT_BUFFET,7.5,0.0,1660,1541,26.5,1587
2024-11-27,2,27,11,4,0,Fall,0,0,LUNCH_DINNER_COMBO,STANDARD_BUFFET,HOT_BUFFET,8.9,0.4,1578,1696,35.9,1541
2024-11-28,3,28,11,4,0,Fall,1,0,LUNCH_DINNER_COMBO,COMFORT_FOOD,HOT_BUFFET,11.6,6.6,584,1636,31.8,666
2024-11-29,4,29,11,4,0,Fall,0,1,BANQUET,INTERNATIONAL_SPECIALTY,BANQUET_SERVICE,12.7,0.0,1874,708,13.3,1875
2024-11-30,5,30,11,4,1,Fall,0,0,LUNCH_DINNER_COMBO,INTERNATIONAL_SPECIALTY,HOT_BUFFET,6.1,0.0,925,1946,22.8,914
2024-12-01,6,1,12,4,1,Winter,0,0,LUNCH_DINNER_COMBO,STANDARD_BUFFET,HOT_BUFFET,10.1,0.0,796,949,13.1,770
2024-12-02,0,2,12,4,0,Winter,0,0,LUNCH_DINNER_COMBO,COMFORT_FOOD,HOT_BUFFET,3.2,0.0,1500,823,17.7,1561
2024-12-03,1,3,12,4,0,Winter,0,1,BANQUET,INTERNATIONAL_SPECIALTY,BANQUET_SERVICE,11.6,0.0,2192,1604,14.9,2170
2024-12-04,2,4,12,4,0,Winter,0,0,LUNCH_DINNER_COMBO,INTERNATIONAL_SPECIALTY,HOT_BUFFET,4.5,0.0,1726,2316,43.3,1763
2024-12-05,3,5,12,4,0,Winter,0,0,LUNCH_DINNER_COMBO,STANDARD_BUFFET,HOT_BUFFET,8.4,0.0,1586,1938,58.8,1571
2024-12-06,4,6,12,4,0,Winter,0,0,LUNCH_DINNER_COMBO,COMFORT_FOOD,HOT_BUFFET,5.3,0.9,1454,1613,12.9,1455
2024-12-07,5,7,12,4,1,Winter,0,0,LUNCH_DINNER_COMBO,HEALTH_BALANCED,HOT_BUFFET,8.2,0.0,761,1491,9.6,778
2024-12-08,6,8,12,4,1,Winter,0,0,LUNCH_DINNER_COMBO,INTERNATIONAL_SPECIALTY,HOT_BUFFET,9.8,0.0,917,813,16.5,890
2024-12-09,0,9,12,4,0,Winter,0,0,LUNCH_DINNER_COMBO,STANDARD_BUFFET,HOT_BUFFET,9.2,1.5,1346,947,18.1,1341
2024-12-10,1,10,12,4,0,Winter,0,0,LUNCH_DINNER_COMBO,COMFORT_FOOD,HOT_BUFFET,11.2,0.0,1754,1448,32.0,1733
2024-12-11,2,11,12,4,0,Winter,0,0,LUNCH_DINNER_COMBO,HEALTH_BALANCED,HOT_BUFFET,7.6,0.0,1632,1788,14.1,1720
2024-12-12,3,12,12,4,0,Winter,0,0,LUNCH_DINNER_COMBO,INTERNATIONAL_SPECIALTY,HOT_BUFFET,7.8,0.0,1663,1766,15.7,1622
2024-12-13,4,13,12,4,0,Winter,0,1,BANQUET,INTERNATIONAL_SPECIALTY,BANQUET_SERVICE,7.6,0.0,1860,1701,23.1,1818
2024-12-14,5,14,12,4,1,Winter,0,0,LUNCH_DINNER_COMBO,COMFORT_FOOD,HOT_BUFFET,7.3,0.0,910,1941,34.0,895
2024-12-15,6,15,12,4,1,Winter,0,0,LUNCH_DINNER_COMBO,HEALTH_BALANCED,HOT_BUFFET,5.8,0.0,856,979,28.0,866
2024-12-16,0,16,12,4,0,Winter,0,0,LUNCH_DINNER_COMBO,INTERNATIONAL_SPECIALTY,HOT_BUFFET,6.7,2.4,1408,938,23.8,1409
2024-12-17,1,17,12,4,0,Winter,0,0,LUNCH_DINNER_COMBO,STANDARD_BUFFET,HOT_BUFFET,7.3,0.0,1633,1509,32.0,1608
2024-12-18,2,18,12,4,0,Winter,0,0,LUNCH_DINNER_COMBO,COMFORT_FOOD,HOT_BUFFET,6.0,0.1,1698,1704,32.0,1717
2024-12-19,3,19,12,4,0,Winter,0,0,LUNCH_DINNER_COMBO,HEALTH_BALANCED,HOT_BUFFET,-2.8,2.0,1615,1810,29.9,1716
2024-12-20,4,20,12,4,0,Winter,0,0,LUNCH_DINNER_COMBO,INTERNATIONAL_SPECIALTY,HOT_BUFFET,4.9,0.0,1432,1839,36.2,1437
2024-12-21,5,21,12,4,1,Winter,0,0,LUNCH_DINNER_COMBO,STANDARD_BUFFET,HOT_BUFFET,5.2,0.0,805,1578,44.3,805
2024-12-22,6,22,12,4,1,Winter,0,0,LUNCH_DINNER_COMBO,COMFORT_FOOD,HOT_BUFFET,2.0,0.0,912,885,23.8,860
2024-12-23,0,23,12,4,0,Winter,0,0,LUNCH_DINNER_COMBO,HEALTH_BALANCED,HOT_BUFFET,2.6,0.0,1371,886,10.7,1485
2024-12-24,1,24,12,4,0,Winter,1,0,LUNCH_DINNER_COMBO,INTERNATIONAL_SPECIALTY,HOT_BUFFET,7.2,0.0,577,1601,36.3,556
2024-12-25,2,25,12,4,0,Winter,1,0,LUNCH_DINNER_COMBO,STANDARD_BUFFET,HOT_BUFFET,7.3,1.6,581,590,11.9,626
2024-12-26,3,26,12,4,0,Winter,1,0,LUNCH_DINNER_COMBO,COMFORT_FOOD,HOT_BUFFET,5.8,0.0,575,643,5.0,487
2024-12-27,4,27,12,4,0,Winter,0,0,LUNCH_DINNER_COMBO,HEALTH_BALANCED,HOT_BUFFET,8.3,0.0,1386,512,6.9,1360
2024-12-28,5,28,12,4,1,Winter,0,0,LUNCH_DINNER_COMBO,INTERNATIONAL_SPECIALTY,HOT_BUFFET,9.7,4.6,831,1462,35.2,912
2024-12-29,6,29,12,4,1,Winter,0,0,LUNCH_DINNER_COMBO,STANDARD_BUFFET,HOT_BUFFET,11.9,1.5,870,978,19.6,887
2024-12-30,0,30,12,4,0,Winter,0,0,LUNCH_DINNER_COMBO,COMFORT_FOOD,HOT_BUFFET,6.1,0.0,1496,941,15.6,1444
2024-12-31,1,31,12,4,0,Winter,1,0,LUNCH_DINNER_COMBO,HEALTH_BALANCED,HOT_BUFFET,3.7,0.2,579,1513,19.7,653
2025-01-01,2,1,1,1,0,Winter,0,1,BANQUET,INTERNATIONAL_SPECIALTY,BANQUET_SERVICE,9.5,0.0,2148,679,10.1,2100
2025-01-02,3,2,1,1,0,Winter,0,0,LUNCH_DINNER_COMBO,STANDARD_BUFFET,HOT_BUFFET,8.2,0.0,1676,2162,18.6,1651
2025-01-03,4,3,1,1,0,Winter,0,0,LUNCH_DINNER_COMBO,COMFORT_FOOD,HOT_BUFFET,11.3,0.0,1534,1813,54.2,1501
2025-01-04,5,4,1,1,1,Winter,0,0,LUNCH_DINNER_COMBO,HEALTH_BALANCED,HOT_BUFFET,3.9,0.0,786,1571,23.3,903
2025-01-05,6,5,1,1,1,Winter,0,0,LUNCH_DINNER_COMBO,INTERNATIONAL_SPECIALTY,HOT_BUFFET,5.2,0.0,854,989,24.8,803
2025-01-06,0,6,1,1,0,Winter,0,0,LUNCH_DINNER_COMBO,STANDARD_BUFFET,HOT_BUFFET,8.9,0.0,1376,871,24.0,1394
2025-01-07,1,7,1,1,0,Winter,0,0,LUNCH_DINNER_COMBO,COMFORT_FOOD,HOT_BUFFET,6.6,0.0,1719,1508,38.3,1715
2025-01-08,2,8,1,1,0,Winter,0,0,LUNCH_DINNER_COMBO,HEALTH_BALANCED,HOT_BUFFET,6.1,0.0,1581,1848,42.3,1592
2025-01-09,3,9,1,1,0,Winter,0,0,LUNCH_DINNER_COMBO,INTERNATIONAL_SPECIALTY,HOT_BUFFET,8.0,0.0,1637,1699,38.5,1649
2025-01-10,4,10,1,1,0,Winter,0,0,LUNCH_DINNER_COMBO,STANDARD_BUFFET,HOT_BUFFET,5.1,2.6,1404,1782,44.8,1452
2025-01-11,5,11,1,1,1,Winter,0,0,LUNCH_DINNER_COMBO,COMFORT_FOOD,HOT_BUFFET,8.5,0.9,948,1504,15.6,958
2025-01-12,6,12,1,1,1,Winter,0,0,LUNCH_DINNER_COMBO,HEALTH_BALANCED,HOT_BUFFET,0.9,0.7,792,977,9.7,800
2025-01-13,0,13,1,1,0,Winter,0,0,LUNCH_DINNER_COMBO,INTERNATIONAL_SPECIALTY,HOT_BUFFET,0.1,0.0,1512,862,14.6,1529
2025-01-14,1,14,1,1,0,Winter,0,0,LUNCH_DINNER_COMBO,STANDARD_BUFFET,HOT_BUFFET,4.1,0.0,1723,1656,43.8,1727
2025-01-15,2,15,1,1,0,Winter,0,0,LUNCH_DINNER_COMBO,COMFORT_FOOD,HOT_BUFFET,11.7,0.0,1798,1839,34.1,1827
2025-01-16,3,16,1,1,0,Winter,0,1,BANQUET,INTERNATIONAL_SPECIALTY,BANQUET_SERVICE,5.4,0.0,2159,1936,33.5,2195
2025-01-17,4,17,1,1,0,Winter,0,0,LUNCH_DINNER_COMBO,INTERNATIONAL_SPECIALTY,HOT_BUFFET,4.5,0.0,1429,2329,44.6,1425
2025-01-18,5,18,1,1,1,Winter,0,0,LUNCH_DINNER_COMBO,STANDARD_BUFFET,HOT_BUFFET,2.4,0.0,895,1521,30.4,926
2025-01-19,6,19,1,1,1,Winter,0,0,LUNCH_DINNER_COMBO,COMFORT_FOOD,HOT_BUFFET,10.2,0.0,830,974,16.0,811
2025-01-20,0,20,1,1,0,Winter,1,0,LUNCH_DINNER_COMBO,HEALTH_BALANCED,HOT_BUFFET,6.5,0.0,429,848,9.0,468
2025-01-21,1,21,1,1,0,Winter,0,0,LUNCH_DINNER_COMBO,INTERNATIONAL_SPECIALTY,HOT_BUFFET,5.3,0.0,1747,508,12.3,1745
2025-01-22,2,22,1,1,0,Winter,0,0,LUNCH_DINNER_COMBO,STANDARD_BUFFET,HOT_BUFFET,3.9,0.0,1650,1840,34.8,1747
2025-01-23,3,23,1,1,0,Winter,0,0,LUNCH_DINNER_COMBO,COMFORT_FOOD,HOT_BUFFET,2.6,4.7,1733,1873,38.9,1787
2025-01-24,4,24,1,1,0,Winter,0,0,LUNCH_DINNER_COMBO,HEALTH_BALANCED,HOT_BUFFET,4.2,4.7,1404,1931,43.8,1407
2025-01-25,5,25,1,1,1,Winter,0,0,LUNCH_DINNER_COMBO,INTERNATIONAL_SPECIALTY,HOT_BUFFET,6.9,0.0,867,1481,20.9,807
2025-01-26,6,26,1,1,1,Winter,0,0,LUNCH_DINNER_COMBO,STANDARD_BUFFET,HOT_BUFFET,8.8,1.7,787,870,18.8,804
2025-01-27,0,27,1,1,0,Winter,0,0,LUNCH_DINNER_COMBO,COMFORT_FOOD,HOT_BUFFET,3.4,0.0,1488,859,17.5,1601
2025-01-28,1,28,1,1,0,Winter,0,0,LUNCH_DINNER_COMBO,HEALTH_BALANCED,HOT_BUFFET,5.0,0.0,1639,1647,21.4,1607
2025-01-29,2,29,1,1,0,Winter,0,0,LUNCH_DINNER_COMBO,INTERNATIONAL_SPECIALTY,HOT_BUFFET,7.5,0.0,1730,1698,29.3,1797
2025-01-30,3,30,1,1,0,Winter,0,1,BANQUET,INTERNATIONAL_SPECIALTY,BANQUET_SERVICE,10.9,0.0,2176,1911,33.9,2151
2025-01-31,4,31,1,1,0,Winter,0,0,LUNCH_DINNER_COMBO,COMFORT_FOOD,HOT_BUFFET,6.4,4.2,1573,2222,20.7,1561
2025-02-01,5,1,2,1,1,Winter,0,0,LUNCH_DINNER_COMBO,HEALTH_BALANCED,HOT_BUFFET,10.4,0.0,869,1715,45.4,832
2025-02-02,6,2,2,1,1,Winter,0,0,LUNCH_DINNER_COMBO,INTERNATIONAL_SPECIALTY,HOT_BUFFET,11.9,0.0,887,892,19.2,891
2025-02-03,0,3,2,1,0,Winter,0,0,LUNCH_DINNER_COMBO,STANDARD_BUFFET,HOT_BUFFET,13.9,0.0,1510,929,8.6,1539
2025-02-04,1,4,2,1,0,Winter,0,0,LUNCH_DINNER_COMBO,COMFORT_FOOD,HOT_BUFFET,10.8,0.0,1873,1635,30.2,1860
2025-02-05,2,5,2,1,0,Winter,0,0,LUNCH_DINNER_COMBO,HEALTH_BALANCED,HOT_BUFFET,4.0,0.0,1728,1924,19.5,1700
2025-02-06,3,6,2,1,0,Winter,0,0,LUNCH_DINNER_COMBO,INTERNATIONAL_SPECIALTY,HOT_BUFFET,9.2,0.0,1783,1854,49.8,1742
2025-02-07,4,7,2,1,0,Winter,0,0,LUNCH_DINNER_COMBO,STANDARD_BUFFET,HOT_BUFFET,11.5,0.0,1563,1899,51.3,1532
2025-02-08,5,8,2,1,1,Winter,0,0,LUNCH_DINNER_COMBO,COMFORT_FOOD,HOT_BUFFET,13.7,0.0,954,1667,44.7,1004
2025-02-09,6,9,2,1,1,Winter,0,0,LUNCH_DINNER_COMBO,HEALTH_BALANCED,HOT_BUFFET,11.9,0.0,871,1060,17.6,891
2025-02-10,0,10,2,1,0,Winter,0,0,LUNCH_DINNER_COMBO,INTERNATIONAL_SPECIALTY,HOT_BUFFET,5.4,0.0,1517,967,22.2,1578
2025-02-11,1,11,2,1,0,Winter,0,0,LUNCH_DINNER_COMBO,STANDARD_BUFFET,HOT_BUFFET,10.8,0.0,1698,1691,35.4,1699
2025-02-12,2,12,2,1,0,Winter,0,0,LUNCH_DINNER_COMBO,COMFORT_FOOD,HOT_BUFFET,11.5,0.4,1811,1750,16.7,1795
2025-02-13,3,13,2,1,0,Winter,0,0,LUNCH_DINNER_COMBO,HEALTH_BALANCED,HOT_BUFFET,12.2,0.0,1749,1951,51.2,1710
2025-02-14,4,14,2,1,0,Winter,0,0,LUNCH_DINNER_COMBO,INTERNATIONAL_SPECIALTY,HOT_BUFFET,9.1,0.0,1538,1748,10.5,1565
2025-02-15,5,15,2,1,1,Winter,0,0,LUNCH_DINNER_COMBO,STANDARD_BUFFET,HOT_BUFFET,8.3,0.0,894,1679,38.1,888
2025-02-16,6,16,2,1,1,Winter,0,0,LUNCH_DINNER_COMBO,COMFORT_FOOD,HOT_BUFFET,-0.3,0.0,971,938,13.6,1012
2025-02-17,0,17,2,1,0,Winter,0,0,LUNCH_DINNER_COMBO,HEALTH_BALANCED,HOT_BUFFET,6.6,0.0,1487,1035,5.0,1506
2025-02-18,1,18,2,1,0,Winter,0,0,LUNCH_DINNER_COMBO,INTERNATIONAL_SPECIALTY,HOT_BUFFET,4.1,0.0,1821,1626,37.8,1846
2025-02-19,2,19,2,1,0,Winter,0,0,LUNCH_DINNER_COMBO,STANDARD_BUFFET,HOT_BUFFET,4.2,0.0,1717,1899,16.0,1645
2025-02-20,3,20,2,1,0,Winter,0,0,LUNCH_DINNER_COMBO,COMFORT_FOOD,HOT_BUFFET,11.0,4.7,1820,1756,34.8,1836
2025-02-21,4,21,2,1,0,Winter,0,0,LUNCH_DINNER_COMBO,HEALTH_BALANCED,HOT_BUFFET,9.9,1.7,1450,1959,41.6,1422
2025-02-22,5,22,2,1,1,Winter,0,0,LUNCH_DINNER_COMBO,INTERNATIONAL_SPECIALTY,HOT_BUFFET,8.3,0.0,929,1545,39.5,936
2025-02-23,6,23,2,1,1,Winter,0,0,LUNCH_DINNER_COMBO,STANDARD_BUFFET,HOT_BUFFET,5.1,0.0,807,993,20.7,840
2025-02-24,0,24,2,1,0,Winter,0,0,LUNCH_DINNER_COMBO,COMFORT_FOOD,HOT_BUFFET,11.6,0.0,1652,886,15.3,1654
2025-02-25,1,25,2,1,0,Winter,0,0,LUNCH_DINNER_COMBO,HEALTH_BALANCED,HOT_BUFFET,14.9,0.0,1707,1700,10.7,1763
2025-02-26,2,26,2,1,0,Winter,0,0,LUNCH_DINNER_COMBO,INTERNATIONAL_SPECIALTY,HOT_BUFFET,7.0,0.0,1776,1869,35.4,1752
2025-02-27,3,27,2,1,0,Winter,0,0,LUNCH_DINNER_COMBO,STANDARD_BUFFET,HOT_BUFFET,2.4,0.0,1711,1806,17.2,1762
2025-02-28,4,28,2,1,0,Winter,0,1,BANQUET,INTERNATIONAL_SPECIALTY,BANQUET_SERVICE,11.1,0.0,1941,1870,32.9,1869
2025-03-01,5,1,3,1,1,Spring,0,0,LUNCH_DINNER_COMBO,HEALTH_BALANCED,HOT_BUFFET,11.7,0.8,900,2045,56.6,940
2025-03-02,6,2,3,1,1,Spring,0,0,LUNCH_DINNER_COMBO,INTERNATIONAL_SPECIALTY,HOT_BUFFET,8.5,0.0,912,995,17.7,943
2025-03-03,0,3,3,1,0,Spring,0,0,LUNCH_DINNER_COMBO,STANDARD_BUFFET,HOT_BUFFET,14.2,0.0,1549,1015,22.6,1530
2025-03-04,1,4,3,1,0,Spring,0,1,BANQUET,INTERNATIONAL_SPECIALTY,BANQUET_SERVICE,16.6,1.0,2459,1592,20.2,2377
2025-03-05,2,5,3,1,0,Spring,0,0,LUNCH_DINNER_COMBO,HEALTH_BALANCED,HOT_BUFFET,10.5,0.9,1825,2447,20.6,1831
2025-03-06,3,6,3,1,0,Spring,0,0,LUNCH_DINNER_COMBO,INTERNATIONAL_SPECIALTY,HOT_BUFFET,10.7,0.0,1896,1967,44.6,1903
2025-03-07,4,7,3,1,0,Spring,0,0,LUNCH_DINNER_COMBO,STANDARD_BUFFET,HOT_BUFFET,11.2,0.0,1541,2074,56.6,1476
2025-03-08,5,8,3,1,1,Spring,0,0,LUNCH_DINNER_COMBO,COMFORT_FOOD,HOT_BUFFET,4.1,0.0,1027,1562,25.9,1063
2025-03-09,6,9,3,1,1,Spring,0,0,LUNCH_DINNER_COMBO,HEALTH_BALANCED,HOT_BUFFET,6.8,0.0,959,1143,26.7,948
2025-03-10,0,10,3,1,0,Spring,0,0,LUNCH_DINNER_COMBO,INTERNATIONAL_SPECIALTY,HOT_BUFFET,4.6,0.0,1605,1027,28.9,1654
2025-03-11,1,11,3,1,0,Spring,0,0,LUNCH_DINNER_COMBO,STANDARD_BUFFET,HOT_BUFFET,7.2,0.0,1808,1780,36.2,1771
2025-03-12,2,12,3,1,0,Spring,0,0,LUNCH_DINNER_COMBO,COMFORT_FOOD,HOT_BUFFET,6.1,1.1,2011,1810,11.4,2053
2025-03-13,3,13,3,1,0,Spring,0,0,LUNCH_DINNER_COMBO,HEALTH_BALANCED,HOT_BUFFET,17.6,1.3,1806,2193,41.8,1806
2025-03-14,4,14,3,1,0,Spring,0,0,LUNCH_DINNER_COMBO,INTERNATIONAL_SPECIALTY,HOT_BUFFET,7.2,2.8,1617,1981,54.8,1548
2025-03-15,5,15,3,1,1,Spring,0,0,LUNCH_DINNER_COMBO,STANDARD_BUFFET,HOT_BUFFET,10.7,0.0,935,1690,44.6,979
2025-03-16,6,16,3,1,1,Spring,0,0,LUNCH_DINNER_COMBO,COMFORT_FOOD,HOT_BUFFET,10.6,0.0,1017,1075,31.6,1037
2025-03-17,0,17,3,1,0,Spring,0,0,LUNCH_DINNER_COMBO,HEALTH_BALANCED,HOT_BUFFET,16.5,0.0,1576,1070,5.5,1507
2025-03-18,1,18,3,1,0,Spring,0,0,LUNCH_DINNER_COMBO,INTERNATIONAL_SPECIALTY,HOT_BUFFET,10.4,6.8,1879,1568,18.2,1897
2025-03-19,2,19,3,1,0,Spring,0,0,LUNCH_DINNER_COMBO,STANDARD_BUFFET,HOT_BUFFET,18.3,0.0,1790,2023,42.2,1801
2025-03-20,3,20,3,1,0,Spring,0,0,LUNCH_DINNER_COMBO,COMFORT_FOOD,HOT_BUFFET,9.4,1.3,1924,1919,40.0,1866
2025-03-21,4,21,3,1,0,Spring,0,0,LUNCH_DINNER_COMBO,HEALTH_BALANCED,HOT_BUFFET,11.9,0.0,1629,2047,58.5,1640
2025-03-22,5,22,3,1,1,Spring,0,0,LUNCH_DINNER_COMBO,INTERNATIONAL_SPECIALTY,HOT_BUFFET,13.2,0.0,952,1689,14.7,947
2025-03-23,6,23,3,1,1,Spring,0,0,LUNCH_DINNER_COMBO,STANDARD_BUFFET,HOT_BUFFET,11.9,0.0,963,1040,26.8,928
2025-03-24,0,24,3,1,0,Spring,0,0,LUNCH_DINNER_COMBO,COMFORT_FOOD,HOT_BUFFET,3.5,0.0,1802,1003,22.4,1937
2025-03-25,1,25,3,1,0,Spring,0,0,LUNCH_DINNER_COMBO,HEALTH_BALANCED,HOT_BUFFET,15.1,0.0,1815,2094,49.4,1837
2025-03-26,2,26,3,1,0,Spring,0,0,LUNCH_DINNER_COMBO,INTERNATIONAL_SPECIALTY,HOT_BUFFET,10.9,0.0,1882,1965,33.6,1918
2025-03-27,3,27,3,1,0,Spring,0,0,LUNCH_DINNER_COMBO,STANDARD_BUFFET,HOT_BUFFET,15.0,0.5,1804,1976,21.3,1783
2025-03-28,4,28,3,1,0,Spring,0,0,LUNCH_DINNER_COMBO,COMFORT_FOOD,HOT_BUFFET,12.8,2.8,1718,1820,14.0,1744
2025-03-29,5,29,3,1,1,Spring,0,0,LUNCH_DINNER_COMBO,HEALTH_BALANCED,HOT_BUFFET,8.3,0.0,934,1885,48.1,927
2025-03-30,6,30,3,1,1,Spring,0,0,LUNCH_DINNER_COMBO,INTERNATIONAL_SPECIALTY,HOT_BUFFET,8.2,0.0,954,975,13.5,955
2025-03-31,0,31,3,1,0,Spring,0,1,BANQUET,INTERNATIONAL_SPECIALTY,BANQUET_SERVICE,16.1,0.0,2087,996,14.6,2025
2025-04-01,1,1,4,2,0,Spring,0,0,LUNCH_DINNER_COMBO,COMFORT_FOOD,HOT_BUFFET,18.9,0.0,2081,2103,23.1,2022
2025-04-02,2,2,4,2,0,Spring,0,0,LUNCH_DINNER_COMBO,HEALTH_BALANCED,HOT_BUFFET,10.2,0.0,1975,2166,45.7,1860
2025-04-03,3,3,4,2,0,Spring,0,0,LUNCH_DINNER_COMBO,INTERNATIONAL_SPECIALTY,HOT_BUFFET,16.7,2.5,1992,1984,40.1,2010
2025-04-04,4,4,4,2,0,Spring,0,0,LUNCH_DINNER_COMBO,STANDARD_BUFFET,HOT_BUFFET,17.4,1.4,1644,2139,42.5,1617
2025-04-05,5,5,4,2,1,Spring,0,0,LUNCH_DINNER_COMBO,COMFORT_FOOD,HOT_BUFFET,13.1,1.4,1101,1730,35.1,1088
2025-04-06,6,6,4,2,1,Spring,0,0,LUNCH_DINNER_COMBO,HEALTH_BALANCED,HOT_BUFFET,18.9,0.0,952,1182,30.5,941
2025-04-07,0,7,4,2,0,Spring,0,0,LUNCH_DINNER_COMBO,INTERNATIONAL_SPECIALTY,HOT_BUFFET,19.6,0.0,1704,980,10.5,1736
2025-04-08,1,8,4,2,0,Spring,0,0,LUNCH_DINNER_COMBO,STANDARD_BUFFET,HOT_BUFFET,16.9,0.0,1912,1823,27.5,1971
2025-04-09,2,9,4,2,0,Spring,0,1,BANQUET,INTERNATIONAL_SPECIALTY,BANQUET_SERVICE,17.8,0.0,2544,2121,44.7,2547
2025-04-10,3,10,4,2,0,Spring,0,0,LUNCH_DINNER_COMBO,HEALTH_BALANCED,HOT_BUFFET,18.2,0.9,1975,2658,36.0,1975
2025-04-11,4,11,4,2,0,Spring,0,0,LUNCH_DINNER_COMBO,INTERNATIONAL_SPECIALTY,HOT_BUFFET,14.1,0.0,1685,2082,35.7,1731
2025-04-12,5,12,4,2,1,Spring,0,0,LUNCH_DINNER_COMBO,STANDARD_BUFFET,HOT_BUFFET,14.7,0.0,1056,1883,47.8,1081
2025-04-13,6,13,4,2,1,Spring,0,0,LUNCH_DINNER_COMBO,COMFORT_FOOD,HOT_BUFFET,17.3,0.0,1030,1155,21.0,1070
2025-04-14,0,14,4,2,0,Spring,0,0,LUNCH_DINNER_COMBO,HEALTH_BALANCED,HOT_BUFFET,16.7,0.0,1656,1125,14.2,1635
2025-04-15,1,15,4,2,0,Spring,0,0,LUNCH_DINNER_COMBO,INTERNATIONAL_SPECIALTY,HOT_BUFFET,18.6,1.0,1992,1682,14.6,1983
2025-04-16,2,16,4,2,0,Spring,0,0,LUNCH_DINNER_COMBO,STANDARD_BUFFET,HOT_BUFFET,24.4,1.2,1960,2100,35.0,1960
2025-04-17,3,17,4,2,0,Spring,0,0,LUNCH_DINNER_COMBO,COMFORT_FOOD,HOT_BUFFET,18.5,0.0,2113,2105,47.8,2103
2025-04-18,4,18,4,2,0,Spring,0,1,BANQUET,INTERNATIONAL_SPECIALTY,BANQUET_SERVICE,19.4,0.0,2186,2189,28.0,2138
2025-04-19,5,19,4,2,1,Spring,0,0,LUNCH_DINNER_COMBO,INTERNATIONAL_SPECIALTY,HOT_BUFFET,16.6,0.0,1024,2180,9.8,1049
2025-04-20,6,20,4,2,1,Spring,0,0,LUNCH_DINNER_COMBO,STANDARD_BUFFET,HOT_BUFFET,14.6,0.6,976,1108,20.6,1039
2025-04-21,0,21,4,2,0,Spring,0,1,BANQUET,INTERNATIONAL_SPECIALTY,BANQUET_SERVICE,17.9,0.9,2213,1099,18.9,2187
2025-04-22,1,22,4,2,0,Spring,0,0,LUNCH_DINNER_COMBO,HEALTH_BALANCED,HOT_BUFFET,17.4,3.3,1982,2255,20.3,1932
2025-04-23,2,23,4,2,0,Spring,0,0,LUNCH_DINNER_COMBO,INTERNATIONAL_SPECIALTY,HOT_BUFFET,18.2,0.0,2001,2074,49.4,2038
2025-04-24,3,24,4,2,0,Spring,0,1,BANQUET,INTERNATIONAL_SPECIALTY,BANQUET_SERVICE,13.1,6.3,2646,2194,49.7,2717
2025-04-25,4,25,4,2,0,Spring,0,0,LUNCH_DINNER_COMBO,COMFORT_FOOD,HOT_BUFFET,15.3,0.0,1782,2880,52.6,1865
2025-04-26,5,26,4,2,1,Spring,0,0,LUNCH_DINNER_COMBO,HEALTH_BALANCED,HOT_BUFFET,15.3,0.1,939,1966,27.6,956
2025-04-27,6,27,4,2,1,Spring,0,0,LUNCH_DINNER_COMBO,INTERNATIONAL_SPECIALTY,HOT_BUFFET,16.2,1.1,1034,993,12.8,1006
2025-04-28,0,28,4,2,0,Spring,0,0,LUNCH_DINNER_COMBO,STANDARD_BUFFET,HOT_BUFFET,17.9,0.0,1641,1076,22.8,1657
2025-04-29,1,29,4,2,0,Spring,0,0,LUNCH_DINNER_COMBO,COMFORT_FOOD,HOT_BUFFET,22.3,2.0,2081,1790,42.6,2044
2025-04-30,2,30,4,2,0,Spring,0,0,LUNCH_DINNER_COMBO,HEALTH_BALANCED,HOT_BUFFET,14.9,0.9,1932,2177,43.7,1884
2025-05-01,3,1,5,2,0,Spring,0,0,LUNCH_DINNER_COMBO,INTERNATIONAL_SPECIALTY,HOT_BUFFET,19.4,0.0,2103,1970,29.0,2102
2025-05-02,4,2,5,2,0,Spring,0,0,LUNCH_DINNER_COMBO,STANDARD_BUFFET,HOT_BUFFET,18.3,0.0,1675,2255,47.7,1650
2025-05-03,5,3,5,2,1,Spring,0,0,LUNCH_DINNER_COMBO,COMFORT_FOOD,HOT_BUFFET,14.5,0.0,1141,1734,30.2,1156
2025-05-04,6,4,5,2,1,Spring,0,0,LUNCH_DINNER_COMBO,HEALTH_BALANCED,HOT_BUFFET,18.5,0.0,1003,1212,14.0,1003
2025-05-05,0,5,5,2,0,Spring,0,1,BANQUET,INTERNATIONAL_SPECIALTY,BANQUET_SERVICE,19.6,0.0,2328,1040,9.5,2269
2025-05-06,1,6,5,2,0,Spring,0,0,LUNCH_DINNER_COMBO,STANDARD_BUFFET,HOT_BUFFET,18.2,0.0,2046,2419,53.0,2038
2025-05-07,2,7,5,2,0,Spring,0,0,LUNCH_DINNER_COMBO,COMFORT_FOOD,HOT_BUFFET,15.9,0.0,2173,2205,55.7,2152
2025-05-08,3,8,5,2,0,Spring,0,0,LUNCH_DINNER_COMBO,HEALTH_BALANCED,HOT_BUFFET,21.0,0.0,2037,2342,58.2,2053
2025-05-09,4,9,5,2,0,Spring,0,0,LUNCH_DINNER_COMBO,INTERNATIONAL_SPECIALTY,HOT_BUFFET,23.4,4.2,1841,2148,31.4,1773
2025-05-10,5,10,5,2,1,Spring,0,0,LUNCH_DINNER_COMBO,STANDARD_BUFFET,HOT_BUFFET,22.2,1.1,1006,1868,31.2,980
2025-05-11,6,11,5,2,1,Spring,0,0,LUNCH_DINNER_COMBO,COMFORT_FOOD,HOT_BUFFET,17.2,0.0,1067,1075,30.5,1092
2025-05-12,0,12,5,2,0,Spring,0,0,LUNCH_DINNER_COMBO,HEALTH_BALANCED,HOT_BUFFET,15.0,0.0,1706,1178,24.6,1738
2025-05-13,1,13,5,2,0,Spring,0,0,LUNCH_DINNER_COMBO,INTERNATIONAL_SPECIALTY,HOT_BUFFET,26.1,0.0,2033,1798,20.6,2036
2025-05-14,2,14,5,2,0,Spring,0,0,LUNCH_DINNER_COMBO,STANDARD_BUFFET,HOT_BUFFET,22.5,0.0,2062,2192,47.9,2001
2025-05-15,3,15,5,2,0,Spring,0,0,LUNCH_DINNER_COMBO,COMFORT_FOOD,HOT_BUFFET,21.1,0.0,2140,2155,51.3,2163
2025-05-16,4,16,5,2,0,Spring,0,0,LUNCH_DINNER_COMBO,HEALTH_BALANCED,HOT_BUFFET,19.9,0.0,1792,2349,59.1,1833
2025-05-17,5,17,5,2,1,Spring,0,0,LUNCH_DINNER_COMBO,INTERNATIONAL_SPECIALTY,HOT_BUFFET,19.1,0.0,1083,1996,54.5,1099
2025-05-18,6,18,5,2,1,Spring,0,0,LUNCH_DINNER_COMBO,STANDARD_BUFFET,HOT_BUFFET,21.0,0.0,1047,1184,29.1,1064
2025-05-19,0,19,5,2,0,Spring,0,0,LUNCH_DINNER_COMBO,COMFORT_FOOD,HOT_BUFFET,20.8,2.4,1884,1147,25.2,1891
2025-05-20,1,20,5,2,0,Spring,0,1,BANQUET,INTERNATIONAL_SPECIALTY,BANQUET_SERVICE,27.4,0.0,2681,2075,62.2,2699
2025-05-21,2,21,5,2,0,Spring,0,0,LUNCH_DINNER_COMBO,INTERNATIONAL_SPECIALTY,HOT_BUFFET,19.3,0.0,2063,2872,54.0,2077
2025-05-22,3,22,5,2,0,Spring,0,0,LUNCH_DINNER_COMBO,STANDARD_BUFFET,HOT_BUFFET,24.9,0.0,2080,2250,57.4,2065
2025-05-23,4,23,5,2,0,Spring,0,0,LUNCH_DINNER_COMBO,COMFORT_FOOD,HOT_BUFFET,17.4,0.0,1821,2196,42.3,1867
2025-05-24,5,24,5,2,1,Spring,0,0,LUNCH_DINNER_COMBO,HEALTH_BALANCED,HOT_BUFFET,18.5,0.0,1056,1964,28.9,1013
2025-05-25,6,25,5,2,1,Spring,0,0,LUNCH_DINNER_COMBO,INTERNATIONAL_SPECIALTY,HOT_BUFFET,21.6,0.0,1082,1037,10.8,1036
2025-05-26,0,26,5,2,0,Spring,0,0,LUNCH_DINNER_COMBO,STANDARD_BUFFET,HOT_BUFFET,20.0,1.1,1711,1091,18.9,1660
2025-05-27,1,27,5,2,0,Spring,0,0,LUNCH_DINNER_COMBO,COMFORT_FOOD,HOT_BUFFET,26.3,0.0,2152,1822,52.0,2081
2025-05-28,2,28,5,2,0,Spring,0,0,LUNCH_DINNER_COMBO,HEALTH_BALANCED,HOT_BUFFET,20.7,0.7,1962,2188,31.9,1969
2025-05-29,3,29,5,2,0,Spring,0,1,BANQUET,INTERNATIONAL_SPECIALTY,BANQUET_SERVICE,19.1,0.0,2670,2103,43.1,2726
2025-05-30,4,30,5,2,0,Spring,0,1,BANQUET,INTERNATIONAL_SPECIALTY,BANQUET_SERVICE,25.2,0.0,2339,2838,39.0,2296
2025-05-31,5,31,5,2,1,Spring,0,0,LUNCH_DINNER_COMBO,COMFORT_FOOD,HOT_BUFFET,22.9,1.8,1117,2451,47.3,1156
2025-06-01,6,1,6,2,1,Summer,0,0,LUNCH_DINNER_COMBO,HEALTH_BALANCED,HOT_BUFFET,19.3,0.0,1056,1216,22.1,1051
2025-06-02,0,2,6,2,0,Summer,0,0,LUNCH_DINNER_COMBO,INTERNATIONAL_SPECIALTY,HOT_BUFFET,21.6,0.0,1821,1142,30.4,1816
2025-06-03,1,3,6,2,0,Summer,0,0,LUNCH_DINNER_COMBO,STANDARD_BUFFET,HOT_BUFFET,30.8,0.0,2090,1889,25.4,2120
2025-06-04,2,4,6,2,0,Summer,0,0,LUNCH_DINNER_COMBO,COMFORT_FOOD,HOT_BUFFET,25.9,0.6,2225,2177,15.8,2198
2025-06-05,3,5,6,2,0,Summer,0,1,BANQUET,INTERNATIONAL_SPECIALTY,BANQUET_SERVICE,30.6,0.0,2708,2285,25.7,2685
2025-06-06,4,6,6,2,0,Summer,0,0,LUNCH_DINNER_COMBO,INTERNATIONAL_SPECIALTY,HOT_BUFFET,26.4,0.0,1842,2943,83.2,1788
2025-06-07,5,7,6,2,1,Summer,0,0,LUNCH_DINNER_COMBO,STANDARD_BUFFET,HOT_BUFFET,25.2,0.9,1098,1911,39.9,1103
2025-06-08,6,8,6,2,1,Summer,0,0,LUNCH_DINNER_COMBO,COMFORT_FOOD,HOT_BUFFET,27.5,0.0,1112,1172,24.0,1103
2025-06-09,0,9,6,2,0,Summer,0,0,LUNCH_DINNER_COMBO,HEALTH_BALANCED,HOT_BUFFET,22.5,0.0,1816,1180,28.3,1836
2025-06-10,1,10,6,2,0,Summer,0,0,LUNCH_DINNER_COMBO,INTERNATIONAL_SPECIALTY,HOT_BUFFET,23.0,0.7,2061,1882,15.2,2034
2025-06-11,2,11,6,2,0,Summer,0,0,LUNCH_DINNER_COMBO,STANDARD_BUFFET,HOT_BUFFET,25.5,0.0,2028,2154,38.4,1980
2025-06-12,3,12,6,2,0,Summer,0,0,LUNCH_DINNER_COMBO,COMFORT_FOOD,HOT_BUFFET,27.4,0.0,2217,2044,22.5,2190
2025-06-13,4,13,6,2,0,Summer,0,0,LUNCH_DINNER_COMBO,HEALTH_BALANCED,HOT_BUFFET,25.0,0.0,1697,2284,30.9,1645
2025-06-14,5,14,6,2,1,Summer,0,0,LUNCH_DINNER_COMBO,INTERNATIONAL_SPECIALTY,HOT_BUFFET,26.6,0.0,1071,1786,41.8,1027
2025-06-15,6,15,6,2,1,Summer,0,0,LUNCH_DINNER_COMBO,STANDARD_BUFFET,HOT_BUFFET,28.4,0.0,964,1089,16.4,977
2025-06-16,0,16,6,2,0,Summer,0,0,LUNCH_DINNER_COMBO,COMFORT_FOOD,HOT_BUFFET,26.1,0.0,1917,1049,22.3,1875
2025-06-17,1,17,6,2,0,Summer,0,0,LUNCH_DINNER_COMBO,HEALTH_BALANCED,HOT_BUFFET,21.0,0.4,2068,2013,45.1,2072
2025-06-18,2,18,6,2,0,Summer,0,1,BANQUET,INTERNATIONAL_SPECIALTY,BANQUET_SERVICE,23.7,0.0,2733,2140,26.1,2724
2025-06-19,3,19,6,2,0,Summer,0,0,LUNCH_DINNER_COMBO,STANDARD_BUFFET,HOT_BUFFET,19.8,6.4,2022,2891,52.7,2161
2025-06-20,4,20,6,2,0,Summer,0,0,LUNCH_DINNER_COMBO,COMFORT_FOOD,HOT_BUFFET,31.2,0.0,1909,2276,42.0,1909
2025-06-21,5,21,6,2,1,Summer,0,0,LUNCH_DINNER_COMBO,HEALTH_BALANCED,HOT_BUFFET,26.6,1.9,1116,2010,29.1,1103
2025-06-22,6,22,6,2,1,Summer,0,0,LUNCH_DINNER_COMBO,INTERNATIONAL_SPECIALTY,HOT_BUFFET,23.0,0.0,1035,1137,8.9,1036
2025-06-23,0,23,6,2,0,Summer,0,1,BANQUET,INTERNATIONAL_SPECIALTY,BANQUET_SERVICE,33.8,0.0,2298,1091,14.0,2256
2025-06-24,1,24,6,2,0,Summer,0,0,LUNCH_DINNER_COMBO,COMFORT_FOOD,HOT_BUFFET,29.0,0.0,2210,2302,16.8,2207
2025-06-25,2,25,6,2,0,Summer,0,0,LUNCH_DINNER_COMBO,HEALTH_BALANCED,HOT_BUFFET,20.0,0.0,2034,2310,36.0,2030
2025-06-26,3,26,6,2,0,Summer,0,0,LUNCH_DINNER_COMBO,INTERNATIONAL_SPECIALTY,HOT_BUFFET,23.7,0.0,2156,2082,19.2,2132
2025-06-27,4,27,6,2,0,Summer,0,0,LUNCH_DINNER_COMBO,STANDARD_BUFFET,HOT_BUFFET,18.1,0.9,1777,2238,34.4,1753
2025-06-28,5,28,6,2,1,Summer,0,0,LUNCH_DINNER_COMBO,COMFORT_FOOD,HOT_BUFFET,27.8,0.0,1166,1839,27.1,1158
2025-06-29,6,29,6,2,1,Summer,0,0,LUNCH_DINNER_COMBO,HEALTH_BALANCED,HOT_BUFFET,25.6,2.9,1091,1181,12.6,1144
2025-06-30,0,30,6,2,0,Summer,0,0,LUNCH_DINNER_COMBO,INTERNATIONAL_SPECIALTY,HOT_BUFFET,20.7,0.0,1828,1235,30.2,1881
2025-07-01,1,1,7,3,0,Summer,0,0,LUNCH_DINNER_COMBO,STANDARD_BUFFET,HOT_BUFFET,27.0,0.0,2029,1944,21.9,2049
2025-07-02,2,2,7,3,0,Summer,0,0,LUNCH_DINNER_COMBO,COMFORT_FOOD,HOT_BUFFET,32.5,1.3,2212,2197,51.0,2174
2025-07-03,3,3,7,3,0,Summer,0,0,LUNCH_DINNER_COMBO,HEALTH_BALANCED,HOT_BUFFET,23.3,0.0,1988,2252,27.3,1988
2025-07-04,4,4,7,3,0,Summer,1,0,LUNCH_DINNER_COMBO,INTERNATIONAL_SPECIALTY,HOT_BUFFET,22.8,0.0,683,2057,24.3,725
2025-07-05,5,5,7,3,1,Summer,0,0,LUNCH_DINNER_COMBO,STANDARD_BUFFET,HOT_BUFFET,26.3,0.0,1022,755,11.1,977
2025-07-06,6,6,7,3,1,Summer,0,0,LUNCH_DINNER_COMBO,COMFORT_FOOD,HOT_BUFFET,27.6,2.2,1058,1011,8.6,1078
2025-07-07,0,7,7,3,0,Summer,0,0,LUNCH_DINNER_COMBO,HEALTH_BALANCED,HOT_BUFFET,26.9,0.0,1711,1165,29.4,1693
2025-07-08,1,8,7,3,0,Summer,0,1,BANQUET,INTERNATIONAL_SPECIALTY,BANQUET_SERVICE,24.8,0.0,2697,1762,21.9,2700
2025-07-09,2,9,7,3,0,Summer,0,0,LUNCH_DINNER_COMBO,STANDARD_BUFFET,HOT_BUFFET,24.8,0.0,2038,2823,38.7,2020
2025-07-10,3,10,7,3,0,Summer,0,1,BANQUET,INTERNATIONAL_SPECIALTY,BANQUET_SERVICE,30.1,0.0,2651,2153,44.2,2612
2025-07-11,4,11,7,3,0,Summer,0,0,LUNCH_DINNER_COMBO,HEALTH_BALANCED,HOT_BUFFET,27.2,0.0,1780,2668,17.3,1734
2025-07-12,5,12,7,3,1,Summer,0,0,LUNCH_DINNER_COMBO,INTERNATIONAL_SPECIALTY,HOT_BUFFET,30.7,3.6,1087,1770,13.2,1127
2025-07-13,6,13,7,3,1,Summer,0,0,LUNCH_DINNER_COMBO,STANDARD_BUFFET,HOT_BUFFET,31.7,0.0,1085,1205,30.0,1071
2025-07-14,0,14,7,3,0,Summer,0,0,LUNCH_DINNER_COMBO,COMFORT_FOOD,HOT_BUFFET,27.7,0.0,1820,1153,30.1,1812
2025-07-15,1,15,7,3,0,Summer,0,0,LUNCH_DINNER_COMBO,HEALTH_BALANCED,HOT_BUFFET,29.9,0.0,2032,1924,37.2,2009
2025-07-16,2,16,7,3,0,Summer,0,0,LUNCH_DINNER_COMBO,INTERNATIONAL_SPECIALTY,HOT_BUFFET,22.3,0.0,2145,2122,36.5,2145
2025-07-17,3,17,7,3,0,Summer,0,0,LUNCH_DINNER_COMBO,STANDARD_BUFFET,HOT_BUFFET,21.4,2.0,2043,2306,48.3,1997
2025-07-18,4,18,7,3,0,Summer,0,0,LUNCH_DINNER_COMBO,COMFORT_FOOD,HOT_BUFFET,29.3,0.0,1885,2149,49.6,1904
2025-07-19,5,19,7,3,1,Summer,0,0,LUNCH_DINNER_COMBO,HEALTH_BALANCED,HOT_BUFFET,22.6,0.0,1131,2048,49.4,1140
2025-07-20,6,20,7,3,1,Summer,0,0,LUNCH_DINNER_COMBO,INTERNATIONAL_SPECIALTY,HOT_BUFFET,32.1,0.0,1120,1188,12.5,1089
2025-07-21,0,21,7,3,0,Summer,0,0,LUNCH_DINNER_COMBO,STANDARD_BUFFET,HOT_BUFFET,27.2,4.0,1757,1163,23.3,1750
2025-07-22,1,22,7,3,0,Summer,0,0,LUNCH_DINNER_COMBO,COMFORT_FOOD,HOT_BUFFET,27.0,0.0,2176,1888,44.7,2156
2025-07-23,2,23,7,3,0,Summer,0,0,LUNCH_DINNER_COMBO,HEALTH_BALANCED,HOT_BUFFET,25.3,0.5,1986,2367,67.0,1979
2025-07-24,3,24,7,3,0,Summer,0,0,LUNCH_DINNER_COMBO,INTERNATIONAL_SPECIALTY,HOT_BUFFET,25.1,0.0,2085,2061,22.4,2020
2025-07-25,4,25,7,3,0,Summer,0,0,LUNCH_DINNER_COMBO,STANDARD_BUFFET,HOT_BUFFET,22.4,0.6,1703,2189,52.9,1755
2025-07-26,5,26,7,3,1,Summer,0,0,LUNCH_DINNER_COMBO,COMFORT_FOOD,HOT_BUFFET,24.7,0.0,1117,1798,10.9,1115
2025-07-27,6,27,7,3,1,Summer,0,0,LUNCH_DINNER_COMBO,HEALTH_BALANCED,HOT_BUFFET,24.7,0.0,1034,1164,13.6,989
2025-07-28,0,28,7,3,0,Summer,0,0,LUNCH_DINNER_COMBO,INTERNATIONAL_SPECIALTY,HOT_BUFFET,23.0,0.0,1799,1058,22.1,1833
2025-07-29,1,29,7,3,0,Summer,0,0,LUNCH_DINNER_COMBO,STANDARD_BUFFET,HOT_BUFFET,32.1,0.0,2001,1878,13.0,2043
2025-07-30,2,30,7,3,0,Summer,0,0,LUNCH_DINNER_COMBO,COMFORT_FOOD,HOT_BUFFET,30.3,0.0,2178,2224,59.6,2167
2025-07-31,3,31,7,3,0,Summer,0,0,LUNCH_DINNER_COMBO,HEALTH_BALANCED,HOT_BUFFET,25.8,0.0,2072,2244,26.8,2055
2025-08-01,4,1,8,3,0,Summer,0,0,LUNCH_DINNER_COMBO,INTERNATIONAL_SPECIALTY,HOT_BUFFET,22.8,0.0,1659,2237,60.8,1649
2025-08-02,5,2,8,3,1,Summer,0,0,LUNCH_DINNER_COMBO,STANDARD_BUFFET,HOT_BUFFET,31.3,0.0,1039,1807,49.8,992
2025-08-03,6,3,8,3,1,Summer,0,0,LUNCH_DINNER_COMBO,COMFORT_FOOD,HOT_BUFFET,21.5,0.0,1076,1055,21.8,1053
2025-08-04,0,4,8,3,0,Summer,0,0,LUNCH_DINNER_COMBO,HEALTH_BALANCED,HOT_BUFFET,22.7,0.0,1691,1092,10.4,1693
2025-08-05,1,5,8,3,0,Summer,0,0,LUNCH_DINNER_COMBO,INTERNATIONAL_SPECIALTY,HOT_BUFFET,22.8,1.6,2051,1746,18.1,2066
2025-08-06,2,6,8,3,0,Summer,0,0,LUNCH_DINNER_COMBO,STANDARD_BUFFET,HOT_BUFFET,22.3,0.0,1909,2136,23.6,1877
2025-08-07,3,7,8,3,0,Summer,0,0,LUNCH_DINNER_COMBO,COMFORT_FOOD,HOT_BUFFET,26.5,0.0,2131,1914,9.6,2125
2025-08-08,4,8,8,3,0,Summer,0,0,LUNCH_DINNER_COMBO,HEALTH_BALANCED,HOT_BUFFET,27.6,0.7,1661,2227,29.7,1636
2025-08-09,5,9,8,3,1,Summer,0,0,LUNCH_DINNER_COMBO,INTERNATIONAL_SPECIALTY,HOT_BUFFET,30.2,1.3,1015,1787,46.5,1088
2025-08-10,6,10,8,3,1,Summer,0,0,LUNCH_DINNER_COMBO,STANDARD_BUFFET,HOT_BUFFET,28.8,0.1,970,1196,31.1,947
2025-08-11,0,11,8,3,0,Summer,0,0,LUNCH_DINNER_COMBO,COMFORT_FOOD,HOT_BUFFET,24.7,0.0,1826,1004,15.5,1746
2025-08-12,1,12,8,3,0,Summer,0,0,LUNCH_DINNER_COMBO,HEALTH_BALANCED,HOT_BUFFET,24.5,0.1,1918,1898,53.0,1896
2025-08-13,2,13,8,3,0,Summer,0,0,LUNCH_DINNER_COMBO,INTERNATIONAL_SPECIALTY,HOT_BUFFET,23.2,0.0,1970,2026,42.4,2024
2025-08-14,3,14,8,3,0,Summer,0,0,LUNCH_DINNER_COMBO,STANDARD_BUFFET,HOT_BUFFET,27.3,0.0,1893,2084,17.7,1886
2025-08-15,4,15,8,3,0,Summer,0,1,BANQUET,INTERNATIONAL_SPECIALTY,BANQUET_SERVICE,25.0,0.0,2257,1933,16.7,2230
2025-08-16,5,16,8,3,1,Summer,0,0,LUNCH_DINNER_COMBO,HEALTH_BALANCED,HOT_BUFFET,26.4,1.9,989,2279,12.7,944
2025-08-17,6,17,8,3,1,Summer,0,0,LUNCH_DINNER_COMBO,INTERNATIONAL_SPECIALTY,HOT_BUFFET,25.8,0.7,1041,1026,29.1,1078
2025-08-18,0,18,8,3,0,Summer,0,0,LUNCH_DINNER_COMBO,STANDARD_BUFFET,HOT_BUFFET,20.9,1.2,1617,1153,26.6,1585
2025-08-19,1,19,8,3,0,Summer,0,0,LUNCH_DINNER_COMBO,COMFORT_FOOD,HOT_BUFFET,23.0,0.0,2047,1722,40.7,2059
2025-08-20,2,20,8,3,0,Summer,0,0,LUNCH_DINNER_COMBO,HEALTH_BALANCED,HOT_BUFFET,25.0,1.3,1828,2124,17.9,1873
2025-08-21,3,21,8,3,0,Summer,0,0,LUNCH_DINNER_COMBO,INTERNATIONAL_SPECIALTY,HOT_BUFFET,21.3,0.0,2071,2023,49.9,2060
2025-08-22,4,22,8,3,0,Summer,0,0,LUNCH_DINNER_COMBO,STANDARD_BUFFET,HOT_BUFFET,22.9,0.0,1644,2215,51.1,1690
2025-08-23,5,23,8,3,1,Summer,0,0,LUNCH_DINNER_COMBO,COMFORT_FOOD,HOT_BUFFET,18.3,0.0,1071,1740,15.4,1100
2025-08-24,6,24,8,3,1,Summer,0,0,LUNCH_DINNER_COMBO,HEALTH_BALANCED,HOT_BUFFET,25.1,0.0,947,1160,15.1,995
2025-08-25,0,25,8,3,0,Summer,0,0,LUNCH_DINNER_COMBO,INTERNATIONAL_SPECIALTY,HOT_BUFFET,25.6,0.0,1772,1067,20.9,1763
2025-08-26,1,26,8,3,0,Summer,0,1,BANQUET,INTERNATIONAL_SPECIALTY,BANQUET_SERVICE,26.3,1.7,2590,1844,28.1,2550
2025-08-27,2,27,8,3,0,Summer,0,0,LUNCH_DINNER_COMBO,COMFORT_FOOD,HOT_BUFFET,25.2,0.0,2064,2801,80.1,2066
2025-08-28,3,28,8,3,0,Summer,0,0,LUNCH_DINNER_COMBO,HEALTH_BALANCED,HOT_BUFFET,25.6,0.0,1889,2195,40.7,1886
2025-08-29,4,29,8,3,0,Summer,0,1,BANQUET,INTERNATIONAL_SPECIALTY,BANQUET_SERVICE,25.1,0.0,2201,1976,29.9,2222
2025-08-30,5,30,8,3,1,Summer,0,0,LUNCH_DINNER_COMBO,STANDARD_BUFFET,HOT_BUFFET,28.4,0.0,966,2311,25.1,883
2025-08-31,6,31,8,3,1,Summer,0,0,LUNCH_DINNER_COMBO,COMFORT_FOOD,HOT_BUFFET,20.9,1.3,1039,926,12.9,1085
2025-09-01,0,1,9,3,0,Fall,0,0,LUNCH_DINNER_COMBO,HEALTH_BALANCED,HOT_BUFFET,22.7,0.0,1584,1125,12.6,1512
2025-09-02,1,2,9,3,0,Fall,0,0,LUNCH_DINNER_COMBO,INTERNATIONAL_SPECIALTY,HOT_BUFFET,21.7,0.0,1911,1655,44.8,1909
2025-09-03,2,3,9,3,0,Fall,0,0,LUNCH_DINNER_COMBO,STANDARD_BUFFET,HOT_BUFFET,21.6,0.0,1824,2009,30.7,1810
2025-09-04,3,4,9,3,0,Fall,0,0,LUNCH_DINNER_COMBO,COMFORT_FOOD,HOT_BUFFET,23.1,0.0,1974,1906,31.1,1965
2025-09-05,4,5,9,3,0,Fall,0,0,LUNCH_DINNER_COMBO,HEALTH_BALANCED,HOT_BUFFET,22.4,0.0,1582,2090,38.4,1529
2025-09-06,5,6,9,3,1,Fall,0,0,LUNCH_DINNER_COMBO,INTERNATIONAL_SPECIALTY,HOT_BUFFET,27.1,0.0,935,1572,12.0,928
2025-09-07,6,7,9,3,1,Fall,0,0,LUNCH_DINNER_COMBO,STANDARD_BUFFET,HOT_BUFFET,16.8,0.0,916,960,8.5,858
2025-09-08,0,8,9,3,0,Fall,0,0,LUNCH_DINNER_COMBO,COMFORT_FOOD,HOT_BUFFET,21.8,0.0,1717,909,17.1,1772
2025-09-09,1,9,9,3,0,Fall,0,0,LUNCH_DINNER_COMBO,HEALTH_BALANCED,HOT_BUFFET,26.7,0.0,1805,1882,33.8,1813
2025-09-10,2,10,9,3,0,Fall,0,0,LUNCH_DINNER_COMBO,INTERNATIONAL_SPECIALTY,HOT_BUFFET,14.1,0.0,1856,1927,35.9,1880
2025-09-11,3,11,9,3,0,Fall,0,0,LUNCH_DINNER_COMBO,STANDARD_BUFFET,HOT_BUFFET,23.4,0.0,1761,1990,34.0,1757
2025-09-12,4,12,9,3,0,Fall,0,0,LUNCH_DINNER_COMBO,COMFORT_FOOD,HOT_BUFFET,24.6,0.0,1713,1894,44.9,1764
2025-09-13,5,13,9,3,1,Fall,0,0,LUNCH_DINNER_COMBO,HEALTH_BALANCED,HOT_BUFFET,21.3,0.0,915,1836,21.9,887
2025-09-14,6,14,9,3,1,Fall,0,0,LUNCH_DINNER_COMBO,INTERNATIONAL_SPECIALTY,HOT_BUFFET,16.5,0.0,985,971,27.8,899
2025-09-15,0,15,9,3,0,Fall,0,0,LUNCH_DINNER_COMBO,STANDARD_BUFFET,HOT_BUFFET,26.2,0.0,1551,928,12.4,1543
2025-09-16,1,16,9,3,0,Fall,0,1,BANQUET,INTERNATIONAL_SPECIALTY,BANQUET_SERVICE,24.7,0.5,2485,1586,11.9,2503
2025-09-17,2,17,9,3,0,Fall,0,0,LUNCH_DINNER_COMBO,HEALTH_BALANCED,HOT_BUFFET,14.3,1.8,1869,2738,74.3,1865
2025-09-18,3,18,9,3,0,Fall,0,0,LUNCH_DINNER_COMBO,INTERNATIONAL_SPECIALTY,HOT_BUFFET,21.1,2.5,1911,1990,39.9,1928
2025-09-19,4,19,9,3,0,Fall,0,0,LUNCH_DINNER_COMBO,STANDARD_BUFFET,HOT_BUFFET,20.7,0.0,1546,2024,30.1,1523
2025-09-20,5,20,9,3,1,Fall,0,0,LUNCH_DINNER_COMBO,COMFORT_FOOD,HOT_BUFFET,14.1,0.0,980,1581,20.2,869
2025-09-21,6,21,9,3,1,Fall,0,0,LUNCH_DINNER_COMBO,HEALTH_BALANCED,HOT_BUFFET,16.7,0.0,930,909,11.9,953
2025-09-22,0,22,9,3,0,Fall,0,0,LUNCH_DINNER_COMBO,INTERNATIONAL_SPECIALTY,HOT_BUFFET,18.2,0.0,1582,983,11.4,1567
2025-09-23,1,23,9,3,0,Fall,0,0,LUNCH_DINNER_COMBO,STANDARD_BUFFET,HOT_BUFFET,17.7,0.0,1844,1602,11.6,1863
2025-09-24,2,24,9,3,0,Fall,0,0,LUNCH_DINNER_COMBO,COMFORT_FOOD,HOT_BUFFET,19.4,2.2,1919,2033,53.6,1938
2025-09-25,3,25,9,3,0,Fall,0,0,LUNCH_DINNER_COMBO,HEALTH_BALANCED,HOT_BUFFET,22.7,0.0,1798,2104,55.6,1752
2025-09-26,4,26,9,3,0,Fall,0,0,LUNCH_DINNER_COMBO,INTERNATIONAL_SPECIALTY,HOT_BUFFET,24.1,0.0,1694,1798,17.0,1683
2025-09-27,5,27,9,3,1,Fall,0,0,LUNCH_DINNER_COMBO,STANDARD_BUFFET,HOT_BUFFET,14.6,0.0,899,1800,32.9,884
2025-09-28,6,28,9,3,1,Fall,0,0,LUNCH_DINNER_COMBO,COMFORT_FOOD,HOT_BUFFET,21.8,0.0,1046,967,27.7,1071
2025-09-29,0,29,9,3,0,Fall,0,0,LUNCH_DINNER_COMBO,HEALTH_BALANCED,HOT_BUFFET,19.4,0.0,1599,1114,11.9,1662
2025-09-30,1,30,9,3,0,Fall,0,0,LUNCH_DINNER_COMBO,INTERNATIONAL_SPECIALTY,HOT_BUFFET,15.2,0.0,1877,1785,43.2,1904
2025-10-01,2,1,10,4,0,Fall,0,0,LUNCH_DINNER_COMBO,STANDARD_BUFFET,HOT_BUFFET,13.2,0.3,1738,1977,20.8,1778
2025-10-02,3,2,10,4,0,Fall,0,0,LUNCH_DINNER_COMBO,COMFORT_FOOD,HOT_BUFFET,15.0,0.0,1776,1819,13.9,1760
2025-10-03,4,3,10,4,0,Fall,0,1,BANQUET,INTERNATIONAL_SPECIALTY,BANQUET_SERVICE,12.3,0.0,2028,1797,6.8,2007
2025-10-04,5,4,10,4,1,Fall,0,0,LUNCH_DINNER_COMBO,INTERNATIONAL_SPECIALTY,HOT_BUFFET,21.7,0.0,975,2153,44.5,911
2025-10-05,6,5,10,4,1,Fall,0,0,LUNCH_DINNER_COMBO,STANDARD_BUFFET,HOT_BUFFET,17.5,0.0,846,996,29.8,918
2025-10-06,0,6,10,4,0,Fall,0,0,LUNCH_DINNER_COMBO,COMFORT_FOOD,HOT_BUFFET,20.1,0.0,1631,1002,27.5,1597
2025-10-07,1,7,10,4,0,Fall,0,0,LUNCH_DINNER_COMBO,HEALTH_BALANCED,HOT_BUFFET,15.2,0.0,1715,1713,35.3,1759
2025-10-08,2,8,10,4,0,Fall,0,0,LUNCH_DINNER_COMBO,INTERNATIONAL_SPECIALTY,HOT_BUFFET,13.3,0.0,1793,1872,33.0,1826
2025-10-09,3,9,10,4,0,Fall,0,1,BANQUET,INTERNATIONAL_SPECIALTY,BANQUET_SERVICE,12.8,0.0,2329,1879,18.8,2373
2025-10-10,4,10,10,4,0,Fall,0,0,LUNCH_DINNER_COMBO,COMFORT_FOOD,HOT_BUFFET,13.0,0.0,1592,2602,73.6,1645
2025-10-11,5,11,10,4,1,Fall,0,0,LUNCH_DINNER_COMBO,HEALTH_BALANCED,HOT_BUFFET,15.0,0.4,850,1729,22.9,848
2025-10-12,6,12,10,4,1,Fall,0,0,LUNCH_DINNER_COMBO,INTERNATIONAL_SPECIALTY,HOT_BUFFET,14.0,0.0,942,901,17.6,1005
2025-10-13,0,13,10,4,0,Fall,0,0,LUNCH_DINNER_COMBO,STANDARD_BUFFET,HOT_BUFFET,17.2,1.7,1440,1079,21.3,1481
